date,part_id,category,size,manufacturer,opening_stock,arrival_today,planned_usage,used_actual,unmet_usage,closing_stock,pending_inbound_before_order,order_qty_requested,order_qty_effective,lead_time_days,unit_price,monthly_discount,shipping_fee,region_fee,total_cost
2022-01-01,116,RF Filter / Duplexer,2520,murata,6000,0,6,6,0,5994,0,0,0,1,1800.0,0.1887,0.0,0.0,0.0
2022-01-02,116,RF Filter / Duplexer,2520,murata,5994,0,8,8,0,5986,0,0,0,1,1800.0,0.1887,0.0,0.0,0.0
2022-01-03,116,RF Filter / Duplexer,2520,murata,5986,0,8,8,0,5978,0,0,0,1,1800.0,0.1887,0.0,0.0,0.0
2022-01-04,116,RF Filter / Duplexer,2520,murata,5978,0,7,7,0,5971,0,0,0,1,1800.0,0.1887,0.0,0.0,0.0
2022-01-05,116,RF Filter / Duplexer,2520,murata,5971,0,6,6,0,5965,0,0,0,1,1800.0,0.1887,0.0,0.0,0.0
2022-01-06,116,RF Filter / Duplexer,2520,murata,5965,0,8,8,0,5957,0,0,0,1,1800.0,0.1887,0.0,0.0,0.0
2022-01-07,116,RF Filter / Duplexer,2520,murata,5957,0,7,7,0,5950,0,0,0,1,1800.0,0.1887,0.0,0.0,0.0
2022-01-08,116,RF Filter / Duplexer,2520,murata,5950,0,3,3,0,5947,0,0,0,1,1800.0,0.1887,0.0,0.0,0.0
2022-01-09,116,RF Filter / Duplexer,2520,murata,5947,0,11,11,0,5936,0,0,0,1,1800.0,0.1887,0.0,0.0,0.0
2022-01-10,116,RF Filter / Duplexer,2520,murata,5936,0,9,9,0,5927,0,0,0,1,1800.0,0.1887,0.0,0.0,0.0
2022-01-11,116,RF Filter / Duplexer,2520,murata,5927,0,12,12,0,5915,0,0,0,1,1800.0,0.1887,0.0,0.0,0.0
2022-01-12,116,RF Filter / Duplexer,2520,murata,5915,0,7,7,0,5908,0,0,0,1,1800.0,0.1887,0.0,0.0,0.0
2022-01-13,116,RF Filter / Duplexer,2520,murata,5908,0,7,7,0,5901,0,0,0,1,1800.0,0.1887,0.0,0.0,0.0
2022-01-14,116,RF Filter / Duplexer,2520,murata,5901,0,5,5,0,5896,0,0,0,1,1800.0,0.1887,0.0,0.0,0.0
2022-01-15,116,RF Filter / Duplexer,2520,murata,5896,0,9,9,0,5887,0,0,0,1,1800.0,0.1887,0.0,0.0,0.0
2022-01-16,116,RF Filter / Duplexer,2520,murata,5887,0,10,10,0,5877,0,0,0,1,1800.0,0.1887,0.0,0.0,0.0
2022-01-17,116,RF Filter / Duplexer,2520,murata,5877,0,5,5,0,5872,0,0,0,1,1800.0,0.1887,0.0,0.0,0.0
2022-01-18,116,RF Filter / Duplexer,2520,murata,5872,0,7,7,0,5865,0,0,0,1,1800.0,0.1887,0.0,0.0,0.0
2022-01-19,116,RF Filter / Duplexer,2520,murata,5865,0,6,6,0,5859,0,0,0,1,1800.0,0.1887,0.0,0.0,0.0
2022-01-20,116,RF Filter / Duplexer,2520,murata,5859,0,4,4,0,5855,0,0,0,1,1800.0,0.1887,0.0,0.0,0.0
2022-01-21,116,RF Filter / Duplexer,2520,murata,5855,0,5,5,0,5850,0,0,0,1,1800.0,0.1887,0.0,0.0,0.0
2022-01-22,116,RF Filter / Duplexer,2520,murata,5850,0,3,3,0,5847,0,0,0,1,1800.0,0.1887,0.0,0.0,0.0
2022-01-23,116,RF Filter / Duplexer,2520,murata,5847,0,7,7,0,5840,0,0,0,1,1800.0,0.1887,0.0,0.0,0.0
2022-01-24,116,RF Filter / Duplexer,2520,murata,5840,0,5,5,0,5835,0,0,0,1,1800.0,0.1887,0.0,0.0,0.0
2022-01-25,116,RF Filter / Duplexer,2520,murata,5835,0,5,5,0,5830,0,0,0,1,1800.0,0.1887,0.0,0.0,0.0
2022-01-26,116,RF Filter / Duplexer,2520,murata,5830,0,7,7,0,5823,0,0,0,1,1800.0,0.1887,0.0,0.0,0.0
2022-01-27,116,RF Filter / Duplexer,2520,murata,5823,0,4,4,0,5819,0,0,0,1,1800.0,0.1887,0.0,0.0,0.0
2022-01-28,116,RF Filter / Duplexer,2520,murata,5819,0,3,3,0,5816,0,0,0,1,1800.0,0.1887,0.0,0.0,0.0
2022-01-29,116,RF Filter / Duplexer,2520,murata,5816,0,5,5,0,5811,0,0,0,1,1800.0,0.1887,0.0,0.0,0.0
2022-01-30,116,RF Filter / Duplexer,2520,murata,5811,0,6,6,0,5805,0,0,0,1,1800.0,0.1887,0.0,0.0,0.0
2022-01-31,116,RF Filter / Duplexer,2520,murata,5805,0,8,8,0,5797,0,0,0,1,1800.0,0.1887,0.0,0.0,0.0
2022-02-01,116,RF Filter / Duplexer,2520,murata,5797,0,7,7,0,5790,0,0,0,1,1800.0,0.1047,0.0,0.0,0.0
2022-02-02,116,RF Filter / Duplexer,2520,murata,5790,0,11,11,0,5779,0,0,0,1,1800.0,0.1047,0.0,0.0,0.0
2022-02-03,116,RF Filter / Duplexer,2520,murata,5779,0,7,7,0,5772,0,0,0,1,1800.0,0.1047,0.0,0.0,0.0
2022-02-04,116,RF Filter / Duplexer,2520,murata,5772,0,5,5,0,5767,0,0,0,1,1800.0,0.1047,0.0,0.0,0.0
2022-02-05,116,RF Filter / Duplexer,2520,murata,5767,0,8,8,0,5759,0,0,0,1,1800.0,0.1047,0.0,0.0,0.0
2022-02-06,116,RF Filter / Duplexer,2520,murata,5759,0,4,4,0,5755,0,0,0,1,1800.0,0.1047,0.0,0.0,0.0
2022-02-07,116,RF Filter / Duplexer,2520,murata,5755,0,7,7,0,5748,0,0,0,1,1800.0,0.1047,0.0,0.0,0.0
2022-02-08,116,RF Filter / Duplexer,2520,murata,5748,0,11,11,0,5737,0,0,0,1,1800.0,0.1047,0.0,0.0,0.0
2022-02-09,116,RF Filter / Duplexer,2520,murata,5737,0,10,10,0,5727,0,0,0,1,1800.0,0.1047,0.0,0.0,0.0
2022-02-10,116,RF Filter / Duplexer,2520,murata,5727,0,9,9,0,5718,0,0,0,1,1800.0,0.1047,0.0,0.0,0.0
2022-02-11,116,RF Filter / Duplexer,2520,murata,5718,0,10,10,0,5708,0,0,0,1,1800.0,0.1047,0.0,0.0,0.0
2022-02-12,116,RF Filter / Duplexer,2520,murata,5708,0,10,10,0,5698,0,0,0,1,1800.0,0.1047,0.0,0.0,0.0
2022-02-13,116,RF Filter / Duplexer,2520,murata,5698,0,3,3,0,5695,0,0,0,1,1800.0,0.1047,0.0,0.0,0.0
2022-02-14,116,RF Filter / Duplexer,2520,murata,5695,0,7,7,0,5688,0,0,0,1,1800.0,0.1047,0.0,0.0,0.0
2022-02-15,116,RF Filter / Duplexer,2520,murata,5688,0,5,5,0,5683,0,0,0,1,1800.0,0.1047,0.0,0.0,0.0
2022-02-16,116,RF Filter / Duplexer,2520,murata,5683,0,7,7,0,5676,0,0,0,1,1800.0,0.1047,0.0,0.0,0.0
2022-02-17,116,RF Filter / Duplexer,2520,murata,5676,0,9,9,0,5667,0,0,0,1,1800.0,0.1047,0.0,0.0,0.0
2022-02-18,116,RF Filter / Duplexer,2520,murata,5667,0,3,3,0,5664,0,0,0,1,1800.0,0.1047,0.0,0.0,0.0
2022-02-19,116,RF Filter / Duplexer,2520,murata,5664,0,6,6,0,5658,0,0,0,1,1800.0,0.1047,0.0,0.0,0.0
2022-02-20,116,RF Filter / Duplexer,2520,murata,5658,0,9,9,0,5649,0,0,0,1,1800.0,0.1047,0.0,0.0,0.0
2022-02-21,116,RF Filter / Duplexer,2520,murata,5649,0,5,5,0,5644,0,0,0,1,1800.0,0.1047,0.0,0.0,0.0
2022-02-22,116,RF Filter / Duplexer,2520,murata,5644,0,6,6,0,5638,0,0,0,1,1800.0,0.1047,0.0,0.0,0.0
2022-02-23,116,RF Filter / Duplexer,2520,murata,5638,0,3,3,0,5635,0,0,0,1,1800.0,0.1047,0.0,0.0,0.0
2022-02-24,116,RF Filter / Duplexer,2520,murata,5635,0,4,4,0,5631,0,0,0,1,1800.0,0.1047,0.0,0.0,0.0
2022-02-25,116,RF Filter / Duplexer,2520,murata,5631,0,4,4,0,5627,0,0,0,1,1800.0,0.1047,0.0,0.0,0.0
2022-02-26,116,RF Filter / Duplexer,2520,murata,5627,0,7,7,0,5620,0,0,0,1,1800.0,0.1047,0.0,0.0,0.0
2022-02-27,116,RF Filter / Duplexer,2520,murata,5620,0,9,9,0,5611,0,0,0,1,1800.0,0.1047,0.0,0.0,0.0
2022-02-28,116,RF Filter / Duplexer,2520,murata,5611,0,5,5,0,5606,0,0,0,1,1800.0,0.1047,0.0,0.0,0.0
2022-03-01,116,RF Filter / Duplexer,2520,murata,5606,0,4,4,0,5602,0,0,0,1,1800.0,0.0131,0.0,0.0,0.0
2022-03-02,116,RF Filter / Duplexer,2520,murata,5602,0,5,5,0,5597,0,0,0,1,1800.0,0.0131,0.0,0.0,0.0
2022-03-03,116,RF Filter / Duplexer,2520,murata,5597,0,8,8,0,5589,0,0,0,1,1800.0,0.0131,0.0,0.0,0.0
2022-03-04,116,RF Filter / Duplexer,2520,murata,5589,0,10,10,0,5579,0,0,0,1,1800.0,0.0131,0.0,0.0,0.0
2022-03-05,116,RF Filter / Duplexer,2520,murata,5579,0,10,10,0,5569,0,0,0,1,1800.0,0.0131,0.0,0.0,0.0
2022-03-06,116,RF Filter / Duplexer,2520,murata,5569,0,3,3,0,5566,0,0,0,1,1800.0,0.0131,0.0,0.0,0.0
2022-03-07,116,RF Filter / Duplexer,2520,murata,5566,0,4,4,0,5562,0,0,0,1,1800.0,0.0131,0.0,0.0,0.0
2022-03-08,116,RF Filter / Duplexer,2520,murata,5562,0,7,7,0,5555,0,0,0,1,1800.0,0.0131,0.0,0.0,0.0
2022-03-09,116,RF Filter / Duplexer,2520,murata,5555,0,12,12,0,5543,0,0,0,1,1800.0,0.0131,0.0,0.0,0.0
2022-03-10,116,RF Filter / Duplexer,2520,murata,5543,0,12,12,0,5531,0,0,0,1,1800.0,0.0131,0.0,0.0,0.0
2022-03-11,116,RF Filter / Duplexer,2520,murata,5531,0,9,9,0,5522,0,0,0,1,1800.0,0.0131,0.0,0.0,0.0
2022-03-12,116,RF Filter / Duplexer,2520,murata,5522,0,12,12,0,5510,0,0,0,1,1800.0,0.0131,0.0,0.0,0.0
2022-03-13,116,RF Filter / Duplexer,2520,murata,5510,0,3,3,0,5507,0,0,0,1,1800.0,0.0131,0.0,0.0,0.0
2022-03-14,116,RF Filter / Duplexer,2520,murata,5507,0,4,4,0,5503,0,0,0,1,1800.0,0.0131,0.0,0.0,0.0
2022-03-15,116,RF Filter / Duplexer,2520,murata,5503,0,10,10,0,5493,0,0,0,1,1800.0,0.0131,0.0,0.0,0.0
2022-03-16,116,RF Filter / Duplexer,2520,murata,5493,0,5,5,0,5488,0,0,0,1,1800.0,0.0131,0.0,0.0,0.0
2022-03-17,116,RF Filter / Duplexer,2520,murata,5488,0,8,8,0,5480,0,0,0,1,1800.0,0.0131,0.0,0.0,0.0
2022-03-18,116,RF Filter / Duplexer,2520,murata,5480,0,6,6,0,5474,0,0,0,1,1800.0,0.0131,0.0,0.0,0.0
2022-03-19,116,RF Filter / Duplexer,2520,murata,5474,0,7,7,0,5467,0,0,0,1,1800.0,0.0131,0.0,0.0,0.0
2022-03-20,116,RF Filter / Duplexer,2520,murata,5467,0,3,3,0,5464,0,0,0,1,1800.0,0.0131,0.0,0.0,0.0
2022-03-21,116,RF Filter / Duplexer,2520,murata,5464,0,7,7,0,5457,0,0,0,1,1800.0,0.0131,0.0,0.0,0.0
2022-03-22,116,RF Filter / Duplexer,2520,murata,5457,0,4,4,0,5453,0,0,0,1,1800.0,0.0131,0.0,0.0,0.0
2022-03-23,116,RF Filter / Duplexer,2520,murata,5453,0,4,4,0,5449,0,0,0,1,1800.0,0.0131,0.0,0.0,0.0
2022-03-24,116,RF Filter / Duplexer,2520,murata,5449,0,6,6,0,5443,0,0,0,1,1800.0,0.0131,0.0,0.0,0.0
2022-03-25,116,RF Filter / Duplexer,2520,murata,5443,0,8,8,0,5435,0,0,0,1,1800.0,0.0131,0.0,0.0,0.0
2022-03-26,116,RF Filter / Duplexer,2520,murata,5435,0,8,8,0,5427,0,0,0,1,1800.0,0.0131,0.0,0.0,0.0
2022-03-27,116,RF Filter / Duplexer,2520,murata,5427,0,7,7,0,5420,0,0,0,1,1800.0,0.0131,0.0,0.0,0.0
2022-03-28,116,RF Filter / Duplexer,2520,murata,5420,0,5,5,0,5415,0,0,0,1,1800.0,0.0131,0.0,0.0,0.0
2022-03-29,116,RF Filter / Duplexer,2520,murata,5415,0,7,7,0,5408,0,0,0,1,1800.0,0.0131,0.0,0.0,0.0
2022-03-30,116,RF Filter / Duplexer,2520,murata,5408,0,3,3,0,5405,0,0,0,1,1800.0,0.0131,0.0,0.0,0.0
2022-03-31,116,RF Filter / Duplexer,2520,murata,5405,0,7,7,0,5398,0,0,0,1,1800.0,0.0131,0.0,0.0,0.0
2022-04-01,116,RF Filter / Duplexer,2520,murata,5398,0,4,4,0,5394,0,0,0,1,1800.0,0.0637,0.0,0.0,0.0
2022-04-02,116,RF Filter / Duplexer,2520,murata,5394,0,11,11,0,5383,0,0,0,1,1800.0,0.0637,0.0,0.0,0.0
2022-04-03,116,RF Filter / Duplexer,2520,murata,5383,0,6,6,0,5377,0,0,0,1,1800.0,0.0637,0.0,0.0,0.0
2022-04-04,116,RF Filter / Duplexer,2520,murata,5377,0,4,4,0,5373,0,0,0,1,1800.0,0.0637,0.0,0.0,0.0
2022-04-05,116,RF Filter / Duplexer,2520,murata,5373,0,4,4,0,5369,0,0,0,1,1800.0,0.0637,0.0,0.0,0.0
2022-04-06,116,RF Filter / Duplexer,2520,murata,5369,0,4,4,0,5365,0,0,0,1,1800.0,0.0637,0.0,0.0,0.0
2022-04-07,116,RF Filter / Duplexer,2520,murata,5365,0,12,12,0,5353,0,0,0,1,1800.0,0.0637,0.0,0.0,0.0
2022-04-08,116,RF Filter / Duplexer,2520,murata,5353,0,12,12,0,5341,0,0,0,1,1800.0,0.0637,0.0,0.0,0.0
2022-04-09,116,RF Filter / Duplexer,2520,murata,5341,0,10,10,0,5331,0,0,0,1,1800.0,0.0637,0.0,0.0,0.0
2022-04-10,116,RF Filter / Duplexer,2520,murata,5331,0,7,7,0,5324,0,0,0,1,1800.0,0.0637,0.0,0.0,0.0
2022-04-11,116,RF Filter / Duplexer,2520,murata,5324,0,8,8,0,5316,0,0,0,1,1800.0,0.0637,0.0,0.0,0.0
2022-04-12,116,RF Filter / Duplexer,2520,murata,5316,0,10,10,0,5306,0,0,0,1,1800.0,0.0637,0.0,0.0,0.0
2022-04-13,116,RF Filter / Duplexer,2520,murata,5306,0,7,7,0,5299,0,0,0,1,1800.0,0.0637,0.0,0.0,0.0
2022-04-14,116,RF Filter / Duplexer,2520,murata,5299,0,3,3,0,5296,0,0,0,1,1800.0,0.0637,0.0,0.0,0.0
2022-04-15,116,RF Filter / Duplexer,2520,murata,5296,0,5,5,0,5291,0,0,0,1,1800.0,0.0637,0.0,0.0,0.0
2022-04-16,116,RF Filter / Duplexer,2520,murata,5291,0,9,9,0,5282,0,0,0,1,1800.0,0.0637,0.0,0.0,0.0
2022-04-17,116,RF Filter / Duplexer,2520,murata,5282,0,8,8,0,5274,0,0,0,1,1800.0,0.0637,0.0,0.0,0.0
2022-04-18,116,RF Filter / Duplexer,2520,murata,5274,0,5,5,0,5269,0,0,0,1,1800.0,0.0637,0.0,0.0,0.0
2022-04-19,116,RF Filter / Duplexer,2520,murata,5269,0,3,3,0,5266,0,0,0,1,1800.0,0.0637,0.0,0.0,0.0
2022-04-20,116,RF Filter / Duplexer,2520,murata,5266,0,8,8,0,5258,0,0,0,1,1800.0,0.0637,0.0,0.0,0.0
2022-04-21,116,RF Filter / Duplexer,2520,murata,5258,0,4,4,0,5254,0,0,0,1,1800.0,0.0637,0.0,0.0,0.0
2022-04-22,116,RF Filter / Duplexer,2520,murata,5254,0,7,7,0,5247,0,0,0,1,1800.0,0.0637,0.0,0.0,0.0
2022-04-23,116,RF Filter / Duplexer,2520,murata,5247,0,4,4,0,5243,0,0,0,1,1800.0,0.0637,0.0,0.0,0.0
2022-04-24,116,RF Filter / Duplexer,2520,murata,5243,0,3,3,0,5240,0,0,0,1,1800.0,0.0637,0.0,0.0,0.0
2022-04-25,116,RF Filter / Duplexer,2520,murata,5240,0,7,7,0,5233,0,0,0,1,1800.0,0.0637,0.0,0.0,0.0
2022-04-26,116,RF Filter / Duplexer,2520,murata,5233,0,6,6,0,5227,0,0,0,1,1800.0,0.0637,0.0,0.0,0.0
2022-04-27,116,RF Filter / Duplexer,2520,murata,5227,0,8,8,0,5219,0,0,0,1,1800.0,0.0637,0.0,0.0,0.0
2022-04-28,116,RF Filter / Duplexer,2520,murata,5219,0,4,4,0,5215,0,0,0,1,1800.0,0.0637,0.0,0.0,0.0
2022-04-29,116,RF Filter / Duplexer,2520,murata,5215,0,4,4,0,5211,0,0,0,1,1800.0,0.0637,0.0,0.0,0.0
2022-04-30,116,RF Filter / Duplexer,2520,murata,5211,0,10,10,0,5201,0,0,0,1,1800.0,0.0637,0.0,0.0,0.0
2022-05-01,116,RF Filter / Duplexer,2520,murata,5201,0,6,6,0,5195,0,0,0,1,1800.0,0.1717,0.0,0.0,0.0
2022-05-02,116,RF Filter / Duplexer,2520,murata,5195,0,4,4,0,5191,0,0,0,1,1800.0,0.1717,0.0,0.0,0.0
2022-05-03,116,RF Filter / Duplexer,2520,murata,5191,0,11,11,0,5180,0,0,0,1,1800.0,0.1717,0.0,0.0,0.0
2022-05-04,116,RF Filter / Duplexer,2520,murata,5180,0,6,6,0,5174,0,0,0,1,1800.0,0.1717,0.0,0.0,0.0
2022-05-05,116,RF Filter / Duplexer,2520,murata,5174,0,10,10,0,5164,0,0,0,1,1800.0,0.1717,0.0,0.0,0.0
2022-05-06,116,RF Filter / Duplexer,2520,murata,5164,0,5,5,0,5159,0,0,0,1,1800.0,0.1717,0.0,0.0,0.0
2022-05-07,116,RF Filter / Duplexer,2520,murata,5159,0,6,6,0,5153,0,0,0,1,1800.0,0.1717,0.0,0.0,0.0
2022-05-08,116,RF Filter / Duplexer,2520,murata,5153,0,5,5,0,5148,0,0,0,1,1800.0,0.1717,0.0,0.0,0.0
2022-05-09,116,RF Filter / Duplexer,2520,murata,5148,0,12,12,0,5136,0,0,0,1,1800.0,0.1717,0.0,0.0,0.0
2022-05-10,116,RF Filter / Duplexer,2520,murata,5136,0,4,4,0,5132,0,0,0,1,1800.0,0.1717,0.0,0.0,0.0
2022-05-11,116,RF Filter / Duplexer,2520,murata,5132,0,9,9,0,5123,0,0,0,1,1800.0,0.1717,0.0,0.0,0.0
2022-05-12,116,RF Filter / Duplexer,2520,murata,5123,0,10,10,0,5113,0,0,0,1,1800.0,0.1717,0.0,0.0,0.0
2022-05-13,116,RF Filter / Duplexer,2520,murata,5113,0,7,7,0,5106,0,0,0,1,1800.0,0.1717,0.0,0.0,0.0
2022-05-14,116,RF Filter / Duplexer,2520,murata,5106,0,8,8,0,5098,0,0,0,1,1800.0,0.1717,0.0,0.0,0.0
2022-05-15,116,RF Filter / Duplexer,2520,murata,5098,0,7,7,0,5091,0,0,0,1,1800.0,0.1717,0.0,0.0,0.0
2022-05-16,116,RF Filter / Duplexer,2520,murata,5091,0,7,7,0,5084,0,0,0,1,1800.0,0.1717,0.0,0.0,0.0
2022-05-17,116,RF Filter / Duplexer,2520,murata,5084,0,8,8,0,5076,0,0,0,1,1800.0,0.1717,0.0,0.0,0.0
2022-05-18,116,RF Filter / Duplexer,2520,murata,5076,0,3,3,0,5073,0,0,0,1,1800.0,0.1717,0.0,0.0,0.0
2022-05-19,116,RF Filter / Duplexer,2520,murata,5073,0,6,6,0,5067,0,0,0,1,1800.0,0.1717,0.0,0.0,0.0
2022-05-20,116,RF Filter / Duplexer,2520,murata,5067,0,8,8,0,5059,0,0,0,1,1800.0,0.1717,0.0,0.0,0.0
2022-05-21,116,RF Filter / Duplexer,2520,murata,5059,0,7,7,0,5052,0,0,0,1,1800.0,0.1717,0.0,0.0,0.0
2022-05-22,116,RF Filter / Duplexer,2520,murata,5052,0,3,3,0,5049,0,0,0,1,1800.0,0.1717,0.0,0.0,0.0
2022-05-23,116,RF Filter / Duplexer,2520,murata,5049,0,4,4,0,5045,0,0,0,1,1800.0,0.1717,0.0,0.0,0.0
2022-05-24,116,RF Filter / Duplexer,2520,murata,5045,0,5,5,0,5040,0,0,0,1,1800.0,0.1717,0.0,0.0,0.0
2022-05-25,116,RF Filter / Duplexer,2520,murata,5040,0,3,3,0,5037,0,0,0,1,1800.0,0.1717,0.0,0.0,0.0
2022-05-26,116,RF Filter / Duplexer,2520,murata,5037,0,9,9,0,5028,0,0,0,1,1800.0,0.1717,0.0,0.0,0.0
2022-05-27,116,RF Filter / Duplexer,2520,murata,5028,0,3,3,0,5025,0,0,0,1,1800.0,0.1717,0.0,0.0,0.0
2022-05-28,116,RF Filter / Duplexer,2520,murata,5025,0,3,3,0,5022,0,0,0,1,1800.0,0.1717,0.0,0.0,0.0
2022-05-29,116,RF Filter / Duplexer,2520,murata,5022,0,5,5,0,5017,0,0,0,1,1800.0,0.1717,0.0,0.0,0.0
2022-05-30,116,RF Filter / Duplexer,2520,murata,5017,0,10,10,0,5007,0,0,0,1,1800.0,0.1717,0.0,0.0,0.0
2022-05-31,116,RF Filter / Duplexer,2520,murata,5007,0,3,3,0,5004,0,0,0,1,1800.0,0.1717,0.0,0.0,0.0
2022-06-01,116,RF Filter / Duplexer,2520,murata,5004,0,5,5,0,4999,0,0,0,1,1800.0,0.0169,0.0,0.0,0.0
2022-06-02,116,RF Filter / Duplexer,2520,murata,4999,0,8,8,0,4991,0,0,0,1,1800.0,0.0169,0.0,0.0,0.0
2022-06-03,116,RF Filter / Duplexer,2520,murata,4991,0,5,5,0,4986,0,0,0,1,1800.0,0.0169,0.0,0.0,0.0
2022-06-04,116,RF Filter / Duplexer,2520,murata,4986,0,4,4,0,4982,0,0,0,1,1800.0,0.0169,0.0,0.0,0.0
2022-06-05,116,RF Filter / Duplexer,2520,murata,4982,0,8,8,0,4974,0,0,0,1,1800.0,0.0169,0.0,0.0,0.0
2022-06-06,116,RF Filter / Duplexer,2520,murata,4974,0,3,3,0,4971,0,0,0,1,1800.0,0.0169,0.0,0.0,0.0
2022-06-07,116,RF Filter / Duplexer,2520,murata,4971,0,3,3,0,4968,0,0,0,1,1800.0,0.0169,0.0,0.0,0.0
2022-06-08,116,RF Filter / Duplexer,2520,murata,4968,0,10,10,0,4958,0,0,0,1,1800.0,0.0169,0.0,0.0,0.0
2022-06-09,116,RF Filter / Duplexer,2520,murata,4958,0,7,7,0,4951,0,0,0,1,1800.0,0.0169,0.0,0.0,0.0
2022-06-10,116,RF Filter / Duplexer,2520,murata,4951,0,7,7,0,4944,0,0,0,1,1800.0,0.0169,0.0,0.0,0.0
2022-06-11,116,RF Filter / Duplexer,2520,murata,4944,0,11,11,0,4933,0,0,0,1,1800.0,0.0169,0.0,0.0,0.0
2022-06-12,116,RF Filter / Duplexer,2520,murata,4933,0,6,6,0,4927,0,0,0,1,1800.0,0.0169,0.0,0.0,0.0
2022-06-13,116,RF Filter / Duplexer,2520,murata,4927,0,7,7,0,4920,0,0,0,1,1800.0,0.0169,0.0,0.0,0.0
2022-06-14,116,RF Filter / Duplexer,2520,murata,4920,0,8,8,0,4912,0,0,0,1,1800.0,0.0169,0.0,0.0,0.0
2022-06-15,116,RF Filter / Duplexer,2520,murata,4912,0,8,8,0,4904,0,0,0,1,1800.0,0.0169,0.0,0.0,0.0
2022-06-16,116,RF Filter / Duplexer,2520,murata,4904,0,7,7,0,4897,0,0,0,1,1800.0,0.0169,0.0,0.0,0.0
2022-06-17,116,RF Filter / Duplexer,2520,murata,4897,0,7,7,0,4890,0,0,0,1,1800.0,0.0169,0.0,0.0,0.0
2022-06-18,116,RF Filter / Duplexer,2520,murata,4890,0,3,3,0,4887,0,0,0,1,1800.0,0.0169,0.0,0.0,0.0
2022-06-19,116,RF Filter / Duplexer,2520,murata,4887,0,5,5,0,4882,0,0,0,1,1800.0,0.0169,0.0,0.0,0.0
2022-06-20,116,RF Filter / Duplexer,2520,murata,4882,0,6,6,0,4876,0,0,0,1,1800.0,0.0169,0.0,0.0,0.0
2022-06-21,116,RF Filter / Duplexer,2520,murata,4876,0,9,9,0,4867,0,0,0,1,1800.0,0.0169,0.0,0.0,0.0
2022-06-22,116,RF Filter / Duplexer,2520,murata,4867,0,9,9,0,4858,0,0,0,1,1800.0,0.0169,0.0,0.0,0.0
2022-06-23,116,RF Filter / Duplexer,2520,murata,4858,0,9,9,0,4849,0,0,0,1,1800.0,0.0169,0.0,0.0,0.0
2022-06-24,116,RF Filter / Duplexer,2520,murata,4849,0,4,4,0,4845,0,0,0,1,1800.0,0.0169,0.0,0.0,0.0
2022-06-25,116,RF Filter / Duplexer,2520,murata,4845,0,5,5,0,4840,0,0,0,1,1800.0,0.0169,0.0,0.0,0.0
2022-06-26,116,RF Filter / Duplexer,2520,murata,4840,0,9,9,0,4831,0,0,0,1,1800.0,0.0169,0.0,0.0,0.0
2022-06-27,116,RF Filter / Duplexer,2520,murata,4831,0,8,8,0,4823,0,0,0,1,1800.0,0.0169,0.0,0.0,0.0
2022-06-28,116,RF Filter / Duplexer,2520,murata,4823,0,4,4,0,4819,0,0,0,1,1800.0,0.0169,0.0,0.0,0.0
2022-06-29,116,RF Filter / Duplexer,2520,murata,4819,0,5,5,0,4814,0,0,0,1,1800.0,0.0169,0.0,0.0,0.0
2022-06-30,116,RF Filter / Duplexer,2520,murata,4814,0,7,7,0,4807,0,0,0,1,1800.0,0.0169,0.0,0.0,0.0
2022-07-01,116,RF Filter / Duplexer,2520,murata,4807,0,8,8,0,4799,0,0,0,1,1800.0,0.1971,0.0,0.0,0.0
2022-07-02,116,RF Filter / Duplexer,2520,murata,4799,0,7,7,0,4792,0,0,0,1,1800.0,0.1971,0.0,0.0,0.0
2022-07-03,116,RF Filter / Duplexer,2520,murata,4792,0,12,12,0,4780,0,0,0,1,1800.0,0.1971,0.0,0.0,0.0
2022-07-04,116,RF Filter / Duplexer,2520,murata,4780,0,6,6,0,4774,0,0,0,1,1800.0,0.1971,0.0,0.0,0.0
2022-07-05,116,RF Filter / Duplexer,2520,murata,4774,0,9,9,0,4765,0,0,0,1,1800.0,0.1971,0.0,0.0,0.0
2022-07-06,116,RF Filter / Duplexer,2520,murata,4765,0,5,5,0,4760,0,0,0,1,1800.0,0.1971,0.0,0.0,0.0
2022-07-07,116,RF Filter / Duplexer,2520,murata,4760,0,3,3,0,4757,0,0,0,1,1800.0,0.1971,0.0,0.0,0.0
2022-07-08,116,RF Filter / Duplexer,2520,murata,4757,0,9,9,0,4748,0,0,0,1,1800.0,0.1971,0.0,0.0,0.0
2022-07-09,116,RF Filter / Duplexer,2520,murata,4748,0,11,11,0,4737,0,0,0,1,1800.0,0.1971,0.0,0.0,0.0
2022-07-10,116,RF Filter / Duplexer,2520,murata,4737,0,3,3,0,4734,0,0,0,1,1800.0,0.1971,0.0,0.0,0.0
2022-07-11,116,RF Filter / Duplexer,2520,murata,4734,0,10,10,0,4724,0,0,0,1,1800.0,0.1971,0.0,0.0,0.0
2022-07-12,116,RF Filter / Duplexer,2520,murata,4724,0,6,6,0,4718,0,0,0,1,1800.0,0.1971,0.0,0.0,0.0
2022-07-13,116,RF Filter / Duplexer,2520,murata,4718,0,8,8,0,4710,0,0,0,1,1800.0,0.1971,0.0,0.0,0.0
2022-07-14,116,RF Filter / Duplexer,2520,murata,4710,0,7,7,0,4703,0,0,0,1,1800.0,0.1971,0.0,0.0,0.0
2022-07-15,116,RF Filter / Duplexer,2520,murata,4703,0,8,8,0,4695,0,0,0,1,1800.0,0.1971,0.0,0.0,0.0
2022-07-16,116,RF Filter / Duplexer,2520,murata,4695,0,5,5,0,4690,0,0,0,1,1800.0,0.1971,0.0,0.0,0.0
2022-07-17,116,RF Filter / Duplexer,2520,murata,4690,0,3,3,0,4687,0,0,0,1,1800.0,0.1971,0.0,0.0,0.0
2022-07-18,116,RF Filter / Duplexer,2520,murata,4687,0,6,6,0,4681,0,0,0,1,1800.0,0.1971,0.0,0.0,0.0
2022-07-19,116,RF Filter / Duplexer,2520,murata,4681,0,8,8,0,4673,0,0,0,1,1800.0,0.1971,0.0,0.0,0.0
2022-07-20,116,RF Filter / Duplexer,2520,murata,4673,0,8,8,0,4665,0,0,0,1,1800.0,0.1971,0.0,0.0,0.0
2022-07-21,116,RF Filter / Duplexer,2520,murata,4665,0,3,3,0,4662,0,0,0,1,1800.0,0.1971,0.0,0.0,0.0
2022-07-22,116,RF Filter / Duplexer,2520,murata,4662,0,3,3,0,4659,0,0,0,1,1800.0,0.1971,0.0,0.0,0.0
2022-07-23,116,RF Filter / Duplexer,2520,murata,4659,0,3,3,0,4656,0,0,0,1,1800.0,0.1971,0.0,0.0,0.0
2022-07-24,116,RF Filter / Duplexer,2520,murata,4656,0,9,9,0,4647,0,0,0,1,1800.0,0.1971,0.0,0.0,0.0
2022-07-25,116,RF Filter / Duplexer,2520,murata,4647,0,4,4,0,4643,0,0,0,1,1800.0,0.1971,0.0,0.0,0.0
2022-07-26,116,RF Filter / Duplexer,2520,murata,4643,0,4,4,0,4639,0,0,0,1,1800.0,0.1971,0.0,0.0,0.0
2022-07-27,116,RF Filter / Duplexer,2520,murata,4639,0,8,8,0,4631,0,0,0,1,1800.0,0.1971,0.0,0.0,0.0
2022-07-28,116,RF Filter / Duplexer,2520,murata,4631,0,10,10,0,4621,0,0,0,1,1800.0,0.1971,0.0,0.0,0.0
2022-07-29,116,RF Filter / Duplexer,2520,murata,4621,0,9,9,0,4612,0,0,0,1,1800.0,0.1971,0.0,0.0,0.0
2022-07-30,116,RF Filter / Duplexer,2520,murata,4612,0,10,10,0,4602,0,0,0,1,1800.0,0.1971,0.0,0.0,0.0
2022-07-31,116,RF Filter / Duplexer,2520,murata,4602,0,8,8,0,4594,0,0,0,1,1800.0,0.1971,0.0,0.0,0.0
2022-08-01,116,RF Filter / Duplexer,2520,murata,4594,0,9,9,0,4585,0,0,0,1,1800.0,0.1251,0.0,0.0,0.0
2022-08-02,116,RF Filter / Duplexer,2520,murata,4585,0,6,6,0,4579,0,0,0,1,1800.0,0.1251,0.0,0.0,0.0
2022-08-03,116,RF Filter / Duplexer,2520,murata,4579,0,12,12,0,4567,0,0,0,1,1800.0,0.1251,0.0,0.0,0.0
2022-08-04,116,RF Filter / Duplexer,2520,murata,4567,0,7,7,0,4560,0,0,0,1,1800.0,0.1251,0.0,0.0,0.0
2022-08-05,116,RF Filter / Duplexer,2520,murata,4560,0,3,3,0,4557,0,0,0,1,1800.0,0.1251,0.0,0.0,0.0
2022-08-06,116,RF Filter / Duplexer,2520,murata,4557,0,10,10,0,4547,0,0,0,1,1800.0,0.1251,0.0,0.0,0.0
2022-08-07,116,RF Filter / Duplexer,2520,murata,4547,0,12,12,0,4535,0,0,0,1,1800.0,0.1251,0.0,0.0,0.0
2022-08-08,116,RF Filter / Duplexer,2520,murata,4535,0,4,4,0,4531,0,0,0,1,1800.0,0.1251,0.0,0.0,0.0
2022-08-09,116,RF Filter / Duplexer,2520,murata,4531,0,8,8,0,4523,0,0,0,1,1800.0,0.1251,0.0,0.0,0.0
2022-08-10,116,RF Filter / Duplexer,2520,murata,4523,0,6,6,0,4517,0,0,0,1,1800.0,0.1251,0.0,0.0,0.0
2022-08-11,116,RF Filter / Duplexer,2520,murata,4517,0,8,8,0,4509,0,0,0,1,1800.0,0.1251,0.0,0.0,0.0
2022-08-12,116,RF Filter / Duplexer,2520,murata,4509,0,10,10,0,4499,0,0,0,1,1800.0,0.1251,0.0,0.0,0.0
2022-08-13,116,RF Filter / Duplexer,2520,murata,4499,0,8,8,0,4491,0,0,0,1,1800.0,0.1251,0.0,0.0,0.0
2022-08-14,116,RF Filter / Duplexer,2520,murata,4491,0,3,3,0,4488,0,0,0,1,1800.0,0.1251,0.0,0.0,0.0
2022-08-15,116,RF Filter / Duplexer,2520,murata,4488,0,8,8,0,4480,0,0,0,1,1800.0,0.1251,0.0,0.0,0.0
2022-08-16,116,RF Filter / Duplexer,2520,murata,4480,0,8,8,0,4472,0,0,0,1,1800.0,0.1251,0.0,0.0,0.0
2022-08-17,116,RF Filter / Duplexer,2520,murata,4472,0,5,5,0,4467,0,0,0,1,1800.0,0.1251,0.0,0.0,0.0
2022-08-18,116,RF Filter / Duplexer,2520,murata,4467,0,9,9,0,4458,0,0,0,1,1800.0,0.1251,0.0,0.0,0.0
2022-08-19,116,RF Filter / Duplexer,2520,murata,4458,0,9,9,0,4449,0,0,0,1,1800.0,0.1251,0.0,0.0,0.0
2022-08-20,116,RF Filter / Duplexer,2520,murata,4449,0,7,7,0,4442,0,0,0,1,1800.0,0.1251,0.0,0.0,0.0
2022-08-21,116,RF Filter / Duplexer,2520,murata,4442,0,5,5,0,4437,0,0,0,1,1800.0,0.1251,0.0,0.0,0.0
2022-08-22,116,RF Filter / Duplexer,2520,murata,4437,0,8,8,0,4429,0,0,0,1,1800.0,0.1251,0.0,0.0,0.0
2022-08-23,116,RF Filter / Duplexer,2520,murata,4429,0,4,4,0,4425,0,0,0,1,1800.0,0.1251,0.0,0.0,0.0
2022-08-24,116,RF Filter / Duplexer,2520,murata,4425,0,5,5,0,4420,0,0,0,1,1800.0,0.1251,0.0,0.0,0.0
2022-08-25,116,RF Filter / Duplexer,2520,murata,4420,0,5,5,0,4415,0,0,0,1,1800.0,0.1251,0.0,0.0,0.0
2022-08-26,116,RF Filter / Duplexer,2520,murata,4415,0,3,3,0,4412,0,0,0,1,1800.0,0.1251,0.0,0.0,0.0
2022-08-27,116,RF Filter / Duplexer,2520,murata,4412,0,5,5,0,4407,0,0,0,1,1800.0,0.1251,0.0,0.0,0.0
2022-08-28,116,RF Filter / Duplexer,2520,murata,4407,0,3,3,0,4404,0,0,0,1,1800.0,0.1251,0.0,0.0,0.0
2022-08-29,116,RF Filter / Duplexer,2520,murata,4404,0,8,8,0,4396,0,0,0,1,1800.0,0.1251,0.0,0.0,0.0
2022-08-30,116,RF Filter / Duplexer,2520,murata,4396,0,8,8,0,4388,0,0,0,1,1800.0,0.1251,0.0,0.0,0.0
2022-08-31,116,RF Filter / Duplexer,2520,murata,4388,0,5,5,0,4383,0,0,0,1,1800.0,0.1251,0.0,0.0,0.0
2022-09-01,116,RF Filter / Duplexer,2520,murata,4383,0,8,8,0,4375,0,0,0,1,1800.0,0.0301,0.0,0.0,0.0
2022-09-02,116,RF Filter / Duplexer,2520,murata,4375,0,4,4,0,4371,0,0,0,1,1800.0,0.0301,0.0,0.0,0.0
2022-09-03,116,RF Filter / Duplexer,2520,murata,4371,0,8,8,0,4363,0,0,0,1,1800.0,0.0301,0.0,0.0,0.0
2022-09-04,116,RF Filter / Duplexer,2520,murata,4363,0,8,8,0,4355,0,0,0,1,1800.0,0.0301,0.0,0.0,0.0
2022-09-05,116,RF Filter / Duplexer,2520,murata,4355,0,6,6,0,4349,0,0,0,1,1800.0,0.0301,0.0,0.0,0.0
2022-09-06,116,RF Filter / Duplexer,2520,murata,4349,0,4,4,0,4345,0,0,0,1,1800.0,0.0301,0.0,0.0,0.0
2022-09-07,116,RF Filter / Duplexer,2520,murata,4345,0,11,11,0,4334,0,0,0,1,1800.0,0.0301,0.0,0.0,0.0
2022-09-08,116,RF Filter / Duplexer,2520,murata,4334,0,7,7,0,4327,0,0,0,1,1800.0,0.0301,0.0,0.0,0.0
2022-09-09,116,RF Filter / Duplexer,2520,murata,4327,0,3,3,0,4324,0,0,0,1,1800.0,0.0301,0.0,0.0,0.0
2022-09-10,116,RF Filter / Duplexer,2520,murata,4324,0,10,10,0,4314,0,0,0,1,1800.0,0.0301,0.0,0.0,0.0
2022-09-11,116,RF Filter / Duplexer,2520,murata,4314,0,11,11,0,4303,0,0,0,1,1800.0,0.0301,0.0,0.0,0.0
2022-09-12,116,RF Filter / Duplexer,2520,murata,4303,0,5,5,0,4298,0,0,0,1,1800.0,0.0301,0.0,0.0,0.0
2022-09-13,116,RF Filter / Duplexer,2520,murata,4298,0,7,7,0,4291,0,0,0,1,1800.0,0.0301,0.0,0.0,0.0
2022-09-14,116,RF Filter / Duplexer,2520,murata,4291,0,5,5,0,4286,0,0,0,1,1800.0,0.0301,0.0,0.0,0.0
2022-09-15,116,RF Filter / Duplexer,2520,murata,4286,0,9,9,0,4277,0,0,0,1,1800.0,0.0301,0.0,0.0,0.0
2022-09-16,116,RF Filter / Duplexer,2520,murata,4277,0,8,8,0,4269,0,0,0,1,1800.0,0.0301,0.0,0.0,0.0
2022-09-17,116,RF Filter / Duplexer,2520,murata,4269,0,7,7,0,4262,0,0,0,1,1800.0,0.0301,0.0,0.0,0.0
2022-09-18,116,RF Filter / Duplexer,2520,murata,4262,0,5,5,0,4257,0,0,0,1,1800.0,0.0301,0.0,0.0,0.0
2022-09-19,116,RF Filter / Duplexer,2520,murata,4257,0,6,6,0,4251,0,0,0,1,1800.0,0.0301,0.0,0.0,0.0
2022-09-20,116,RF Filter / Duplexer,2520,murata,4251,0,7,7,0,4244,0,0,0,1,1800.0,0.0301,0.0,0.0,0.0
2022-09-21,116,RF Filter / Duplexer,2520,murata,4244,0,9,9,0,4235,0,0,0,1,1800.0,0.0301,0.0,0.0,0.0
2022-09-22,116,RF Filter / Duplexer,2520,murata,4235,0,5,5,0,4230,0,0,0,1,1800.0,0.0301,0.0,0.0,0.0
2022-09-23,116,RF Filter / Duplexer,2520,murata,4230,0,5,5,0,4225,0,0,0,1,1800.0,0.0301,0.0,0.0,0.0
2022-09-24,116,RF Filter / Duplexer,2520,murata,4225,0,5,5,0,4220,0,0,0,1,1800.0,0.0301,0.0,0.0,0.0
2022-09-25,116,RF Filter / Duplexer,2520,murata,4220,0,8,8,0,4212,0,0,0,1,1800.0,0.0301,0.0,0.0,0.0
2022-09-26,116,RF Filter / Duplexer,2520,murata,4212,0,8,8,0,4204,0,0,0,1,1800.0,0.0301,0.0,0.0,0.0
2022-09-27,116,RF Filter / Duplexer,2520,murata,4204,0,7,7,0,4197,0,0,0,1,1800.0,0.0301,0.0,0.0,0.0
2022-09-28,116,RF Filter / Duplexer,2520,murata,4197,0,6,6,0,4191,0,0,0,1,1800.0,0.0301,0.0,0.0,0.0
2022-09-29,116,RF Filter / Duplexer,2520,murata,4191,0,12,12,0,4179,0,0,0,1,1800.0,0.0301,0.0,0.0,0.0
2022-09-30,116,RF Filter / Duplexer,2520,murata,4179,0,6,6,0,4173,0,0,0,1,1800.0,0.0301,0.0,0.0,0.0
2022-10-01,116,RF Filter / Duplexer,2520,murata,4173,0,8,8,0,4165,0,0,0,1,1800.0,0.0068,0.0,0.0,0.0
2022-10-02,116,RF Filter / Duplexer,2520,murata,4165,0,6,6,0,4159,0,0,0,1,1800.0,0.0068,0.0,0.0,0.0
2022-10-03,116,RF Filter / Duplexer,2520,murata,4159,0,10,10,0,4149,0,0,0,1,1800.0,0.0068,0.0,0.0,0.0
2022-10-04,116,RF Filter / Duplexer,2520,murata,4149,0,8,8,0,4141,0,0,0,1,1800.0,0.0068,0.0,0.0,0.0
2022-10-05,116,RF Filter / Duplexer,2520,murata,4141,0,5,5,0,4136,0,0,0,1,1800.0,0.0068,0.0,0.0,0.0
2022-10-06,116,RF Filter / Duplexer,2520,murata,4136,0,5,5,0,4131,0,0,0,1,1800.0,0.0068,0.0,0.0,0.0
2022-10-07,116,RF Filter / Duplexer,2520,murata,4131,0,9,9,0,4122,0,0,0,1,1800.0,0.0068,0.0,0.0,0.0
2022-10-08,116,RF Filter / Duplexer,2520,murata,4122,0,5,5,0,4117,0,0,0,1,1800.0,0.0068,0.0,0.0,0.0
2022-10-09,116,RF Filter / Duplexer,2520,murata,4117,0,3,3,0,4114,0,0,0,1,1800.0,0.0068,0.0,0.0,0.0
2022-10-10,116,RF Filter / Duplexer,2520,murata,4114,0,3,3,0,4111,0,0,0,1,1800.0,0.0068,0.0,0.0,0.0
2022-10-11,116,RF Filter / Duplexer,2520,murata,4111,0,5,5,0,4106,0,0,0,1,1800.0,0.0068,0.0,0.0,0.0
2022-10-12,116,RF Filter / Duplexer,2520,murata,4106,0,10,10,0,4096,0,0,0,1,1800.0,0.0068,0.0,0.0,0.0
2022-10-13,116,RF Filter / Duplexer,2520,murata,4096,0,3,3,0,4093,0,0,0,1,1800.0,0.0068,0.0,0.0,0.0
2022-10-14,116,RF Filter / Duplexer,2520,murata,4093,0,4,4,0,4089,0,0,0,1,1800.0,0.0068,0.0,0.0,0.0
2022-10-15,116,RF Filter / Duplexer,2520,murata,4089,0,7,7,0,4082,0,0,0,1,1800.0,0.0068,0.0,0.0,0.0
2022-10-16,116,RF Filter / Duplexer,2520,murata,4082,0,7,7,0,4075,0,0,0,1,1800.0,0.0068,0.0,0.0,0.0
2022-10-17,116,RF Filter / Duplexer,2520,murata,4075,0,7,7,0,4068,0,0,0,1,1800.0,0.0068,0.0,0.0,0.0
2022-10-18,116,RF Filter / Duplexer,2520,murata,4068,0,8,8,0,4060,0,0,0,1,1800.0,0.0068,0.0,0.0,0.0
2022-10-19,116,RF Filter / Duplexer,2520,murata,4060,0,9,9,0,4051,0,0,0,1,1800.0,0.0068,0.0,0.0,0.0
2022-10-20,116,RF Filter / Duplexer,2520,murata,4051,0,9,9,0,4042,0,0,0,1,1800.0,0.0068,0.0,0.0,0.0
2022-10-21,116,RF Filter / Duplexer,2520,murata,4042,0,6,6,0,4036,0,0,0,1,1800.0,0.0068,0.0,0.0,0.0
2022-10-22,116,RF Filter / Duplexer,2520,murata,4036,0,9,9,0,4027,0,0,0,1,1800.0,0.0068,0.0,0.0,0.0
2022-10-23,116,RF Filter / Duplexer,2520,murata,4027,0,7,7,0,4020,0,0,0,1,1800.0,0.0068,0.0,0.0,0.0
2022-10-24,116,RF Filter / Duplexer,2520,murata,4020,0,10,10,0,4010,0,0,0,1,1800.0,0.0068,0.0,0.0,0.0
2022-10-25,116,RF Filter / Duplexer,2520,murata,4010,0,6,6,0,4004,0,0,0,1,1800.0,0.0068,0.0,0.0,0.0
2022-10-26,116,RF Filter / Duplexer,2520,murata,4004,0,3,3,0,4001,0,0,0,1,1800.0,0.0068,0.0,0.0,0.0
2022-10-27,116,RF Filter / Duplexer,2520,murata,4001,0,7,7,0,3994,0,0,0,1,1800.0,0.0068,0.0,0.0,0.0
2022-10-28,116,RF Filter / Duplexer,2520,murata,3994,0,10,10,0,3984,0,0,0,1,1800.0,0.0068,0.0,0.0,0.0
2022-10-29,116,RF Filter / Duplexer,2520,murata,3984,0,5,5,0,3979,0,0,0,1,1800.0,0.0068,0.0,0.0,0.0
2022-10-30,116,RF Filter / Duplexer,2520,murata,3979,0,12,12,0,3967,0,0,0,1,1800.0,0.0068,0.0,0.0,0.0
2022-10-31,116,RF Filter / Duplexer,2520,murata,3967,0,12,12,0,3955,0,0,0,1,1800.0,0.0068,0.0,0.0,0.0
2022-11-01,116,RF Filter / Duplexer,2520,murata,3955,0,11,11,0,3944,0,0,0,1,1800.0,0.0836,0.0,0.0,0.0
2022-11-02,116,RF Filter / Duplexer,2520,murata,3944,0,6,6,0,3938,0,0,0,1,1800.0,0.0836,0.0,0.0,0.0
2022-11-03,116,RF Filter / Duplexer,2520,murata,3938,0,9,9,0,3929,0,0,0,1,1800.0,0.0836,0.0,0.0,0.0
2022-11-04,116,RF Filter / Duplexer,2520,murata,3929,0,5,5,0,3924,0,0,0,1,1800.0,0.0836,0.0,0.0,0.0
2022-11-05,116,RF Filter / Duplexer,2520,murata,3924,0,6,6,0,3918,0,0,0,1,1800.0,0.0836,0.0,0.0,0.0
2022-11-06,116,RF Filter / Duplexer,2520,murata,3918,0,11,11,0,3907,0,0,0,1,1800.0,0.0836,0.0,0.0,0.0
2022-11-07,116,RF Filter / Duplexer,2520,murata,3907,0,4,4,0,3903,0,0,0,1,1800.0,0.0836,0.0,0.0,0.0
2022-11-08,116,RF Filter / Duplexer,2520,murata,3903,0,8,8,0,3895,0,0,0,1,1800.0,0.0836,0.0,0.0,0.0
2022-11-09,116,RF Filter / Duplexer,2520,murata,3895,0,3,3,0,3892,0,0,0,1,1800.0,0.0836,0.0,0.0,0.0
2022-11-10,116,RF Filter / Duplexer,2520,murata,3892,0,8,8,0,3884,0,0,0,1,1800.0,0.0836,0.0,0.0,0.0
2022-11-11,116,RF Filter / Duplexer,2520,murata,3884,0,8,8,0,3876,0,0,0,1,1800.0,0.0836,0.0,0.0,0.0
2022-11-12,116,RF Filter / Duplexer,2520,murata,3876,0,6,6,0,3870,0,0,0,1,1800.0,0.0836,0.0,0.0,0.0
2022-11-13,116,RF Filter / Duplexer,2520,murata,3870,0,8,8,0,3862,0,0,0,1,1800.0,0.0836,0.0,0.0,0.0
2022-11-14,116,RF Filter / Duplexer,2520,murata,3862,0,4,4,0,3858,0,0,0,1,1800.0,0.0836,0.0,0.0,0.0
2022-11-15,116,RF Filter / Duplexer,2520,murata,3858,0,4,4,0,3854,0,0,0,1,1800.0,0.0836,0.0,0.0,0.0
2022-11-16,116,RF Filter / Duplexer,2520,murata,3854,0,5,5,0,3849,0,0,0,1,1800.0,0.0836,0.0,0.0,0.0
2022-11-17,116,RF Filter / Duplexer,2520,murata,3849,0,7,7,0,3842,0,0,0,1,1800.0,0.0836,0.0,0.0,0.0
2022-11-18,116,RF Filter / Duplexer,2520,murata,3842,0,5,5,0,3837,0,0,0,1,1800.0,0.0836,0.0,0.0,0.0
2022-11-19,116,RF Filter / Duplexer,2520,murata,3837,0,9,9,0,3828,0,0,0,1,1800.0,0.0836,0.0,0.0,0.0
2022-11-20,116,RF Filter / Duplexer,2520,murata,3828,0,5,5,0,3823,0,0,0,1,1800.0,0.0836,0.0,0.0,0.0
2022-11-21,116,RF Filter / Duplexer,2520,murata,3823,0,9,9,0,3814,0,0,0,1,1800.0,0.0836,0.0,0.0,0.0
2022-11-22,116,RF Filter / Duplexer,2520,murata,3814,0,5,5,0,3809,0,0,0,1,1800.0,0.0836,0.0,0.0,0.0
2022-11-23,116,RF Filter / Duplexer,2520,murata,3809,0,8,8,0,3801,0,0,0,1,1800.0,0.0836,0.0,0.0,0.0
2022-11-24,116,RF Filter / Duplexer,2520,murata,3801,0,8,8,0,3793,0,0,0,1,1800.0,0.0836,0.0,0.0,0.0
2022-11-25,116,RF Filter / Duplexer,2520,murata,3793,0,7,7,0,3786,0,0,0,1,1800.0,0.0836,0.0,0.0,0.0
2022-11-26,116,RF Filter / Duplexer,2520,murata,3786,0,8,8,0,3778,0,0,0,1,1800.0,0.0836,0.0,0.0,0.0
2022-11-27,116,RF Filter / Duplexer,2520,murata,3778,0,11,11,0,3767,0,0,0,1,1800.0,0.0836,0.0,0.0,0.0
2022-11-28,116,RF Filter / Duplexer,2520,murata,3767,0,5,5,0,3762,0,0,0,1,1800.0,0.0836,0.0,0.0,0.0
2022-11-29,116,RF Filter / Duplexer,2520,murata,3762,0,4,4,0,3758,0,0,0,1,1800.0,0.0836,0.0,0.0,0.0
2022-11-30,116,RF Filter / Duplexer,2520,murata,3758,0,8,8,0,3750,0,0,0,1,1800.0,0.0836,0.0,0.0,0.0
2022-12-01,116,RF Filter / Duplexer,2520,murata,3750,0,9,9,0,3741,0,0,0,1,1800.0,0.1111,0.0,0.0,0.0
2022-12-02,116,RF Filter / Duplexer,2520,murata,3741,0,6,6,0,3735,0,0,0,1,1800.0,0.1111,0.0,0.0,0.0
2022-12-03,116,RF Filter / Duplexer,2520,murata,3735,0,5,5,0,3730,0,0,0,1,1800.0,0.1111,0.0,0.0,0.0
2022-12-04,116,RF Filter / Duplexer,2520,murata,3730,0,5,5,0,3725,0,0,0,1,1800.0,0.1111,0.0,0.0,0.0
2022-12-05,116,RF Filter / Duplexer,2520,murata,3725,0,7,7,0,3718,0,0,0,1,1800.0,0.1111,0.0,0.0,0.0
2022-12-06,116,RF Filter / Duplexer,2520,murata,3718,0,10,10,0,3708,0,0,0,1,1800.0,0.1111,0.0,0.0,0.0
2022-12-07,116,RF Filter / Duplexer,2520,murata,3708,0,8,8,0,3700,0,0,0,1,1800.0,0.1111,0.0,0.0,0.0
2022-12-08,116,RF Filter / Duplexer,2520,murata,3700,0,3,3,0,3697,0,0,0,1,1800.0,0.1111,0.0,0.0,0.0
2022-12-09,116,RF Filter / Duplexer,2520,murata,3697,0,9,9,0,3688,0,0,0,1,1800.0,0.1111,0.0,0.0,0.0
2022-12-10,116,RF Filter / Duplexer,2520,murata,3688,0,7,7,0,3681,0,0,0,1,1800.0,0.1111,0.0,0.0,0.0
2022-12-11,116,RF Filter / Duplexer,2520,murata,3681,0,8,8,0,3673,0,0,0,1,1800.0,0.1111,0.0,0.0,0.0
2022-12-12,116,RF Filter / Duplexer,2520,murata,3673,0,7,7,0,3666,0,0,0,1,1800.0,0.1111,0.0,0.0,0.0
2022-12-13,116,RF Filter / Duplexer,2520,murata,3666,0,6,6,0,3660,0,0,0,1,1800.0,0.1111,0.0,0.0,0.0
2022-12-14,116,RF Filter / Duplexer,2520,murata,3660,0,7,7,0,3653,0,0,0,1,1800.0,0.1111,0.0,0.0,0.0
2022-12-15,116,RF Filter / Duplexer,2520,murata,3653,0,7,7,0,3646,0,0,0,1,1800.0,0.1111,0.0,0.0,0.0
2022-12-16,116,RF Filter / Duplexer,2520,murata,3646,0,7,7,0,3639,0,0,0,1,1800.0,0.1111,0.0,0.0,0.0
2022-12-17,116,RF Filter / Duplexer,2520,murata,3639,0,8,8,0,3631,0,0,0,1,1800.0,0.1111,0.0,0.0,0.0
2022-12-18,116,RF Filter / Duplexer,2520,murata,3631,0,7,7,0,3624,0,0,0,1,1800.0,0.1111,0.0,0.0,0.0
2022-12-19,116,RF Filter / Duplexer,2520,murata,3624,0,9,9,0,3615,0,0,0,1,1800.0,0.1111,0.0,0.0,0.0
2022-12-20,116,RF Filter / Duplexer,2520,murata,3615,0,6,6,0,3609,0,0,0,1,1800.0,0.1111,0.0,0.0,0.0
2022-12-21,116,RF Filter / Duplexer,2520,murata,3609,0,4,4,0,3605,0,0,0,1,1800.0,0.1111,0.0,0.0,0.0
2022-12-22,116,RF Filter / Duplexer,2520,murata,3605,0,7,7,0,3598,0,0,0,1,1800.0,0.1111,0.0,0.0,0.0
2022-12-23,116,RF Filter / Duplexer,2520,murata,3598,0,7,7,0,3591,0,0,0,1,1800.0,0.1111,0.0,0.0,0.0
2022-12-24,116,RF Filter / Duplexer,2520,murata,3591,0,6,6,0,3585,0,0,0,1,1800.0,0.1111,0.0,0.0,0.0
2022-12-25,116,RF Filter / Duplexer,2520,murata,3585,0,7,7,0,3578,0,0,0,1,1800.0,0.1111,0.0,0.0,0.0
2022-12-26,116,RF Filter / Duplexer,2520,murata,3578,0,6,6,0,3572,0,0,0,1,1800.0,0.1111,0.0,0.0,0.0
2022-12-27,116,RF Filter / Duplexer,2520,murata,3572,0,3,3,0,3569,0,0,0,1,1800.0,0.1111,0.0,0.0,0.0
2022-12-28,116,RF Filter / Duplexer,2520,murata,3569,0,3,3,0,3566,0,0,0,1,1800.0,0.1111,0.0,0.0,0.0
2022-12-29,116,RF Filter / Duplexer,2520,murata,3566,0,12,12,0,3554,0,0,0,1,1800.0,0.1111,0.0,0.0,0.0
2022-12-30,116,RF Filter / Duplexer,2520,murata,3554,0,11,11,0,3543,0,0,0,1,1800.0,0.1111,0.0,0.0,0.0
2022-12-31,116,RF Filter / Duplexer,2520,murata,3543,0,10,10,0,3533,0,0,0,1,1800.0,0.1111,0.0,0.0,0.0
