date,part_id,category,size,manufacturer,opening_stock,today_usage,predicted_order_qty,predicted_days_to_depletion,risk_6m,risk_12m,recommended_order_qty
2025-08-08,74,Inductor,402,samsung,4246,22,0.0,4987.24,0,0,0
2025-08-08,146,Resistor,1008,samsung,1222,500,0.0,26.61,1,1,0
2025-08-08,51,Ferrite Bead,604,murata,3911,109,0.0,390.12,0,1,0
2025-08-08,50,Diode,604,murata,324,958,0.0,3.31,1,1,0
2025-08-08,49,Diode,604,murata,3550,1137,0.0,37.57,1,1,0
2025-08-08,48,Capacitor,1008,samsung,633,228,0.0,31.07,1,1,0
2025-08-08,47,Capacitor,604,samsung,2251,243,0.0,85.15,1,1,0
2025-08-08,46,Capacitor,402,samsung,3506,336,0.0,94.94,1,1,0
2025-08-08,52,Ferrite Bead,402,samsung,3348,146,0.0,220.2,0,1,0
2025-08-08,45,Capacitor,402,samsung,2069,225,0.0,117.65,1,1,0
2025-08-08,43,Capacitor,1008,samsung,3734,159,0.0,342.95,0,1,0
2025-08-08,42,Capacitor,402,samsung,2658,167,0.0,208.03,0,1,0
2025-08-08,41,Capacitor,402,murata,819,119,0.0,85.67,1,1,0
2025-08-08,40,Capacitor,1008,murata,3742,242,0.0,182.26,1,1,0
2025-08-08,39,Capacitor,1008,samsung,3722,137,0.0,291.93,0,1,0
2025-08-08,38,Capacitor,604,murata,1955,152,0.0,120.64,1,1,0
2025-08-08,44,Capacitor,604,murata,3188,100,0.0,252.45,0,1,0
2025-08-08,53,Ferrite Bead,402,murata,1373,192,0.0,82.88,1,1,0
2025-08-08,54,Ferrite Bead,604,murata,1544,101,0.0,215.81,1,1,0
2025-08-08,55,Ferrite Bead,402,murata,1549,129,0.0,216.13,1,1,0
2025-08-08,70,Inductor,402,samsung,95,112,0.0,8.07,1,1,0
2025-08-08,69,Inductor,1008,murata,103,0,0.0,10311666.67,0,0,0
2025-08-08,68,Inductor,402,murata,108,0,0.0,10800000.0,0,0,0
2025-08-08,67,Inductor,1008,samsung,3917,22,0.0,4568.43,0,0,0
2025-08-08,66,Inductor,1008,samsung,2817,185,0.0,220.78,0,1,0
2025-08-08,65,Inductor,1008,samsung,109,0,0.0,10900000.0,0,0,0
2025-08-08,64,Inductor,402,samsung,3188,40,0.0,1013.19,0,0,0
2025-08-08,63,Inductor,402,murata,3653,113,0.0,363.08,0,1,0
2025-08-08,62,Inductor,1008,samsung,2498,82,0.0,371.53,0,0,0
2025-08-08,61,Inductor,1008,samsung,2103,80,0.0,477.27,0,1,0
2025-08-08,60,Inductor,1008,samsung,2430,64,0.0,548.35,0,0,0
2025-08-08,59,Inductor,1008,murata,3340,63,0.0,933.81,0,0,0
2025-08-08,58,Inductor,604,samsung,105,0,0.0,10500000.0,0,0,0
2025-08-08,57,Inductor,402,murata,3190,40,0.0,1013.45,0,0,0
2025-08-08,56,Ferrite Bead,604,samsung,3834,135,0.0,398.1,0,0,0
2025-08-08,37,Capacitor,604,murata,2127,203,0.0,86.22,1,1,0
2025-08-08,71,Inductor,1008,samsung,104,0,0.0,10409333.33,0,0,0
2025-08-08,36,Capacitor,604,samsung,2077,130,0.0,295.9,0,1,0
2025-08-08,34,Capacitor,1008,samsung,980,71,0.0,100.04,1,1,0
2025-08-08,14,Capacitor,604,murata,960,330,0.0,29.92,1,1,0
2025-08-08,13,Capacitor,1008,samsung,3000,189,0.0,199.18,0,1,0
2025-08-08,12,Capacitor,402,samsung,2439,161,0.0,152.58,1,1,0
2025-08-08,11,Capacitor,1008,murata,2479,273,0.0,101.48,1,1,0
2025-08-08,10,Capacitor,1008,samsung,2278,205,0.0,156.47,1,1,0
2025-08-08,9,Capacitor,402,murata,632,79,0.0,68.37,1,1,0
2025-08-08,15,Capacitor,604,samsung,1558,164,0.0,132.13,1,1,0
2025-08-08,8,Capacitor,1008,samsung,249,129,0.0,14.89,1,1,0
2025-08-08,6,Capacitor,402,samsung,2832,285,0.0,126.07,1,1,0
2025-08-08,5,Capacitor,402,samsung,830,258,0.0,42.62,1,1,0
2025-08-08,4,Capacitor,402,samsung,2892,205,0.0,218.52,0,1,0
2025-08-08,3,Capacitor,1008,samsung,2301,218,0.0,154.11,1,1,0
2025-08-08,2,Capacitor,1008,murata,94,112,0.0,8.02,1,1,0
2025-08-08,1,Capacitor,604,murata,1450,158,0.0,116.59,1,1,0
2025-08-08,7,Capacitor,1008,murata,1759,296,0.0,65.81,1,1,0
2025-08-08,16,Capacitor,604,samsung,443,278,0.0,21.0,1,1,0
2025-08-08,17,Capacitor,1008,murata,1568,100,0.0,247.12,1,1,0
2025-08-08,18,Capacitor,604,murata,1572,132,0.0,68.24,1,1,0
2025-08-08,33,Capacitor,1008,murata,3746,169,0.0,373.46,0,1,0
2025-08-08,32,Capacitor,402,samsung,2998,321,0.0,122.93,1,1,0
2025-08-08,31,Capacitor,1008,samsung,844,185,0.0,45.55,1,1,0
2025-08-08,30,Capacitor,1008,samsung,3263,438,0.0,96.38,1,1,0
2025-08-08,29,Capacitor,1008,samsung,2125,138,0.0,164.32,1,1,0
2025-08-08,28,Capacitor,1008,samsung,1703,471,0.0,61.69,1,1,0
2025-08-08,27,Capacitor,1008,samsung,237,220,0.0,8.71,1,1,0
2025-08-08,26,Capacitor,604,samsung,834,151,0.0,73.08,1,1,0
2025-08-08,25,Capacitor,1008,murata,222,168,0.0,17.4,1,1,0
2025-08-08,24,Capacitor,1008,samsung,3881,108,0.0,311.35,0,1,0
2025-08-08,23,Capacitor,402,samsung,1191,92,0.0,149.76,1,1,0
2025-08-08,22,Capacitor,604,murata,1528,211,0.0,83.74,1,1,0
2025-08-08,21,Capacitor,604,murata,279,132,0.0,24.61,1,1,0
2025-08-08,20,Capacitor,402,samsung,252,249,0.0,10.48,1,1,0
2025-08-08,19,Capacitor,1008,samsung,3738,95,0.0,307.09,0,1,0
2025-08-08,35,Capacitor,604,samsung,1921,74,0.0,351.98,0,1,0
2025-08-08,147,저항,603,samsung,180,0,0.0,18000000.0,0,0,0
2025-08-08,72,Inductor,604,samsung,2733,63,0.0,766.25,0,0,0
2025-08-08,75,Inductor,402,samsung,109,0,0.0,10900000.0,0,0,0
2025-08-08,126,Resistor,604,murata,3431,362,0.0,98.2,1,1,0
2025-08-08,125,Resistor,402,murata,660,227,0.0,31.73,1,1,0
2025-08-08,124,Resistor,604,samsung,1185,260,0.0,64.35,1,1,0
2025-08-08,123,Resistor,604,samsung,2600,408,0.0,71.94,1,1,0
2025-08-08,122,Resistor,402,samsung,481,276,0.0,15.18,1,1,0
2025-08-08,121,RF Front-End / PA,2015,murata,1762,298,0.0,67.61,1,1,0
2025-08-08,127,Resistor,604,samsung,2101,435,0.0,50.2,1,1,0
2025-08-08,120,RF Front-End / PA,2015,samsung,2257,335,0.0,86.81,1,1,0
2025-08-08,118,RF Front-End / PA,2520,murata,3542,209,0.0,301.57,0,1,0
2025-08-08,117,RF Filter / Module,2015,samsung,585,1457,0.0,3.97,1,1,0
2025-08-08,116,RF Filter / Duplexer,2520,murata,1190,92,0.0,149.35,1,1,0
2025-08-08,115,RF Filter / Duplexer,2015,samsung,3716,164,0.0,275.74,0,1,0
2025-08-08,114,RF Filter / Duplexer,2015,samsung,3268,327,0.0,143.28,1,1,0
2025-08-08,113,RF Filter / Duplexer,2015,murata,1882,161,0.0,128.45,1,1,0
2025-08-08,119,RF Front-End / PA,2520,murata,1790,325,0.0,58.53,1,1,0
2025-08-08,128,Resistor,1008,murata,3411,327,0.0,161.06,1,1,0
2025-08-08,129,Resistor,402,samsung,1232,535,0.0,19.88,1,1,0
2025-08-08,130,Resistor,402,samsung,2865,443,0.0,80.65,1,1,0
2025-08-08,145,Resistor,604,murata,1639,503,0.0,29.17,1,1,0
2025-08-08,144,Resistor,604,murata,159,399,0.0,3.73,1,1,0
2025-08-08,143,Resistor,1008,murata,4343,241,0.0,284.06,0,1,0
2025-08-08,142,Resistor,1008,murata,3185,447,0.0,86.93,1,1,0
2025-08-08,141,Resistor,1008,murata,2833,360,0.0,89.68,1,1,0
2025-08-08,140,Resistor,604,murata,281,317,0.0,12.1,1,1,0
2025-08-08,139,Resistor,402,murata,2043,233,0.0,108.07,1,1,0
2025-08-08,138,Resistor,402,samsung,2711,454,0.0,79.98,1,1,0
2025-08-08,137,Resistor,402,murata,2638,235,0.0,127.18,1,1,0
2025-08-08,136,Resistor,402,murata,3716,441,0.0,81.94,1,1,0
2025-08-08,135,Resistor,1008,samsung,3497,537,0.0,72.05,1,1,0
2025-08-08,134,Resistor,1008,samsung,2979,331,0.0,119.33,1,1,0
2025-08-08,133,Resistor,1008,murata,3534,309,0.0,107.49,1,1,0
2025-08-08,132,Resistor,402,murata,3195,262,0.0,157.5,1,1,0
2025-08-08,131,Resistor,402,murata,3586,507,0.0,85.69,1,1,0
2025-08-08,112,RF Filter / Duplexer,2520,samsung,1010,117,0.0,137.91,1,1,0
2025-08-08,73,Inductor,604,murata,3234,15,0.0,1742.18,0,0,0
2025-08-08,111,RF Filter / Duplexer,2015,murata,2479,65,0.0,524.72,0,0,0
2025-08-08,109,RF Filter / Duplexer,2015,samsung,444,59,0.0,43.96,1,1,0
2025-08-08,89,Inductor,604,murata,1541,84,0.0,215.66,0,1,0
2025-08-08,88,Inductor,402,murata,3913,162,0.0,345.79,0,1,0
2025-08-08,87,Inductor,402,murata,3015,37,0.0,1108.96,0,0,0
2025-08-08,86,Inductor,604,samsung,106,0,0.0,10600000.0,0,0,0
2025-08-08,85,Inductor,604,samsung,3010,37,0.0,1108.24,0,0,0
2025-08-08,84,Inductor,402,samsung,254,64,0.0,22.33,1,1,0
2025-08-08,90,Inductor,1008,murata,3201,15,0.0,1721.69,0,0,0
2025-08-08,83,Inductor,604,samsung,3047,37,0.0,1122.75,0,0,0
2025-08-08,81,Inductor,604,murata,106,0,0.0,10600000.0,0,0,0
2025-08-08,80,Inductor,402,samsung,3731,44,0.0,2176.71,0,0,0
2025-08-08,79,Inductor,402,murata,3007,37,0.0,1108.17,0,0,0
2025-08-08,78,Inductor,1008,murata,3195,15,0.0,1720.17,0,0,0
2025-08-08,77,Inductor,402,samsung,2283,55,0.0,455.06,0,0,0
2025-08-08,76,Inductor,604,murata,3196,15,0.0,1720.21,0,0,0
2025-08-08,82,Inductor,604,samsung,3013,37,0.0,1108.78,0,0,0
2025-08-08,91,Inductor,402,murata,3914,22,0.0,4567.16,0,0,0
2025-08-08,92,Inductor,1008,samsung,2261,29,0.0,367.27,0,1,0
2025-08-08,93,Inductor,1008,murata,2967,37,0.0,1092.69,0,0,0
2025-08-08,108,RF Filter / Duplexer,2520,samsung,3879,299,0.0,168.84,1,1,0
2025-08-08,107,PMIC / Power IC,2015,murata,749,244,0.0,23.76,1,1,0
2025-08-08,106,PMIC / Power IC,2520,murata,3859,165,0.0,384.48,0,1,0
2025-08-08,105,PMIC / Power IC,2015,murata,3703,320,0.0,163.13,1,1,0
2025-08-08,104,PMIC / Power IC,2520,samsung,1540,213,0.0,87.05,1,1,0
2025-08-08,103,PMIC / Power IC,2015,murata,979,371,0.0,30.2,1,1,0
2025-08-08,102,PMIC / Power IC,2520,murata,4426,253,0.0,226.87,0,1,0
2025-08-08,101,PMIC / Power IC,2520,murata,1165,462,0.0,30.08,1,1,0
2025-08-08,100,PMIC / Power IC,2520,murata,185,372,0.0,4.75,1,1,0
2025-08-08,99,Misc IC / Unknown,2015,murata,3551,653,0.0,61.98,1,1,0
2025-08-08,98,Misc IC / Unknown,2015,murata,1348,510,0.0,27.14,1,1,0
2025-08-08,97,Misc IC / Unknown,2015,samsung,611,620,0.0,13.99,1,1,0
2025-08-08,96,Inductor,604,murata,1941,36,0.0,394.38,0,1,0
2025-08-08,95,Inductor,604,murata,1002,97,0.0,115.22,1,1,0
2025-08-08,94,Inductor,402,samsung,3920,22,0.0,4572.09,0,0,0
2025-08-08,110,RF Filter / Duplexer,2520,murata,3018,173,0.0,221.38,0,1,0
2025-08-08,148,저항,603,samsung,180,0,0.0,18000000.0,0,0,0
2025-08-18,74,Inductor,402,samsung,4246,19,0.0,4986.76,0,0,0
2025-08-18,146,Resistor,1008,samsung,1222,424,0.0,26.62,1,1,0
2025-08-18,51,Ferrite Bead,604,murata,3911,184,0.0,390.31,0,1,0
2025-08-18,50,Diode,604,murata,324,966,0.0,3.31,1,1,0
2025-08-18,49,Diode,604,murata,3550,1286,0.0,37.53,1,1,0
2025-08-18,48,Capacitor,1008,samsung,633,282,0.0,31.03,1,1,0
2025-08-18,47,Capacitor,604,samsung,2251,285,0.0,85.18,1,1,0
2025-08-18,46,Capacitor,402,samsung,3506,290,0.0,94.85,1,1,0
2025-08-18,52,Ferrite Bead,402,samsung,3348,116,0.0,220.03,0,1,0
2025-08-18,45,Capacitor,402,samsung,2069,171,0.0,117.71,1,1,0
2025-08-18,43,Capacitor,1008,samsung,3734,187,0.0,343.01,0,1,0
2025-08-18,42,Capacitor,402,samsung,2658,265,0.0,208.06,0,1,0
2025-08-18,41,Capacitor,402,murata,819,98,0.0,85.64,1,1,0
2025-08-18,40,Capacitor,1008,murata,3742,325,0.0,182.23,1,1,0
2025-08-18,39,Capacitor,1008,samsung,3722,112,0.0,291.8,0,1,0
2025-08-18,38,Capacitor,604,murata,1955,114,0.0,120.43,1,1,0
2025-08-18,44,Capacitor,604,murata,3188,155,0.0,252.45,0,1,0
2025-08-18,53,Ferrite Bead,402,murata,1373,235,0.0,82.92,1,1,0
2025-08-18,54,Ferrite Bead,604,murata,1544,111,0.0,215.97,1,1,0
2025-08-18,55,Ferrite Bead,402,murata,1549,95,0.0,216.37,1,1,0
2025-08-18,70,Inductor,402,samsung,95,125,0.0,8.12,1,1,0
2025-08-18,69,Inductor,1008,murata,103,0,0.0,10311666.67,0,0,0
2025-08-18,68,Inductor,402,murata,108,0,0.0,10800000.0,0,0,0
2025-08-18,67,Inductor,1008,samsung,3917,19,0.0,4568.23,0,0,0
2025-08-18,66,Inductor,1008,samsung,2817,160,0.0,220.8,0,1,0
2025-08-18,65,Inductor,1008,samsung,109,0,0.0,10900000.0,0,0,0
2025-08-18,64,Inductor,402,samsung,3188,6,0.0,1013.26,0,0,0
2025-08-18,63,Inductor,402,murata,3653,143,0.0,363.12,0,1,0
2025-08-18,62,Inductor,1008,samsung,2498,33,0.0,371.61,0,1,0
2025-08-18,61,Inductor,1008,samsung,2103,95,0.0,477.98,0,1,0
2025-08-18,60,Inductor,1008,samsung,2430,46,0.0,548.66,0,0,0
2025-08-18,59,Inductor,1008,murata,3340,43,0.0,933.81,0,0,0
2025-08-18,58,Inductor,604,samsung,105,0,0.0,10500000.0,0,0,0
2025-08-18,57,Inductor,402,murata,3190,6,0.0,1013.51,0,0,0
2025-08-18,56,Ferrite Bead,604,samsung,3834,147,0.0,398.1,0,0,0
2025-08-18,37,Capacitor,604,murata,2127,369,0.0,86.26,1,1,0
2025-08-18,71,Inductor,1008,samsung,104,0,0.0,10409333.33,0,0,0
2025-08-18,36,Capacitor,604,samsung,2077,103,0.0,296.0,0,1,0
2025-08-18,34,Capacitor,1008,samsung,980,66,0.0,100.12,1,1,0
2025-08-18,14,Capacitor,604,murata,960,288,0.0,29.93,1,1,0
2025-08-18,13,Capacitor,1008,samsung,3000,103,0.0,199.16,0,1,0
2025-08-18,12,Capacitor,402,samsung,2439,117,0.0,152.55,1,1,0
2025-08-18,11,Capacitor,1008,murata,2479,337,0.0,101.48,1,1,0
2025-08-18,10,Capacitor,1008,samsung,2278,173,0.0,156.33,1,1,0
2025-08-18,9,Capacitor,402,murata,632,84,0.0,68.18,1,1,0
2025-08-18,15,Capacitor,604,samsung,1558,149,0.0,132.14,1,1,0
2025-08-18,8,Capacitor,1008,samsung,249,136,0.0,14.82,1,1,0
2025-08-18,6,Capacitor,402,samsung,2832,355,0.0,126.08,1,1,0
2025-08-18,5,Capacitor,402,samsung,830,204,0.0,42.58,1,1,0
2025-08-18,4,Capacitor,402,samsung,2892,158,0.0,218.49,0,1,0
2025-08-18,3,Capacitor,1008,samsung,2301,203,0.0,154.12,1,1,0
2025-08-18,2,Capacitor,1008,murata,94,125,0.0,8.07,1,1,0
2025-08-18,1,Capacitor,604,murata,1450,216,0.0,116.79,1,1,0
2025-08-18,7,Capacitor,1008,murata,1759,270,0.0,65.8,1,1,0
2025-08-18,16,Capacitor,604,samsung,443,285,0.0,20.99,1,1,0
2025-08-18,17,Capacitor,1008,murata,1568,108,0.0,247.32,1,1,0
2025-08-18,18,Capacitor,604,murata,1572,259,0.0,68.19,1,1,0
2025-08-18,33,Capacitor,1008,murata,3746,111,0.0,373.71,0,1,0
2025-08-18,32,Capacitor,402,samsung,2998,309,0.0,122.95,1,1,0
2025-08-18,31,Capacitor,1008,samsung,844,241,0.0,45.55,1,1,0
2025-08-18,30,Capacitor,1008,samsung,3263,454,0.0,96.37,1,1,0
2025-08-18,29,Capacitor,1008,samsung,2125,273,0.0,164.32,1,1,0
2025-08-18,28,Capacitor,1008,samsung,1703,334,0.0,61.64,1,1,0
2025-08-18,27,Capacitor,1008,samsung,237,205,0.0,8.7,1,1,0
2025-08-18,26,Capacitor,604,samsung,834,201,0.0,73.09,1,1,0
2025-08-18,25,Capacitor,1008,murata,222,98,0.0,17.42,1,1,0
2025-08-18,24,Capacitor,1008,samsung,3881,131,0.0,311.34,0,1,0
2025-08-18,23,Capacitor,402,samsung,1191,117,0.0,149.66,1,1,0
2025-08-18,22,Capacitor,604,murata,1528,135,0.0,83.73,1,1,0
2025-08-18,21,Capacitor,604,murata,279,123,0.0,24.64,1,1,0
2025-08-18,20,Capacitor,402,samsung,252,330,0.0,10.44,1,1,0
2025-08-18,19,Capacitor,1008,samsung,3738,94,0.0,307.1,0,1,0
2025-08-18,35,Capacitor,604,samsung,1921,130,0.0,351.76,0,1,0
2025-08-18,147,저항,603,samsung,180,0,0.0,18000000.0,0,0,0
2025-08-18,72,Inductor,604,samsung,2733,43,0.0,766.29,0,0,0
2025-08-18,75,Inductor,402,samsung,109,0,0.0,10900000.0,0,0,0
2025-08-18,126,Resistor,604,murata,3431,385,0.0,98.21,1,1,0
2025-08-18,125,Resistor,402,murata,660,224,0.0,31.73,1,1,0
2025-08-18,124,Resistor,604,samsung,1185,210,0.0,64.37,1,1,0
2025-08-18,123,Resistor,604,samsung,2600,477,0.0,72.04,1,1,0
2025-08-18,122,Resistor,402,samsung,481,309,0.0,15.18,1,1,0
2025-08-18,121,RF Front-End / PA,2015,murata,1762,374,0.0,67.65,1,1,0
2025-08-18,127,Resistor,604,samsung,2101,369,0.0,50.15,1,1,0
2025-08-18,120,RF Front-End / PA,2015,samsung,2257,358,0.0,86.81,1,1,0
2025-08-18,118,RF Front-End / PA,2520,murata,3542,190,0.0,301.57,0,1,0
2025-08-18,117,RF Filter / Module,2015,samsung,585,1555,0.0,3.96,1,1,0
2025-08-18,116,RF Filter / Duplexer,2520,murata,1190,117,0.0,149.28,1,1,0
2025-08-18,115,RF Filter / Duplexer,2015,samsung,3716,66,0.0,275.73,0,1,0
2025-08-18,114,RF Filter / Duplexer,2015,samsung,3268,295,0.0,143.27,1,1,0
2025-08-18,113,RF Filter / Duplexer,2015,murata,1882,295,0.0,128.46,1,1,0
2025-08-18,119,RF Front-End / PA,2520,murata,1790,326,0.0,58.54,1,1,0
2025-08-18,128,Resistor,1008,murata,3411,294,0.0,161.12,1,1,0
2025-08-18,129,Resistor,402,samsung,1232,660,0.0,19.9,1,1,0
2025-08-18,130,Resistor,402,samsung,2865,529,0.0,80.84,1,1,0
2025-08-18,145,Resistor,604,murata,1639,511,0.0,29.19,1,1,0
2025-08-18,144,Resistor,604,murata,159,398,0.0,3.74,1,1,0
2025-08-18,143,Resistor,1008,murata,4343,210,0.0,283.93,0,1,0
2025-08-18,142,Resistor,1008,murata,3185,398,0.0,86.91,1,1,0
2025-08-18,141,Resistor,1008,murata,2833,452,0.0,89.63,1,1,0
2025-08-18,140,Resistor,604,murata,281,273,0.0,12.06,1,1,0
2025-08-18,139,Resistor,402,murata,2043,184,0.0,108.19,1,1,0
2025-08-18,138,Resistor,402,samsung,2711,451,0.0,79.99,1,1,0
2025-08-18,137,Resistor,402,murata,2638,248,0.0,127.14,1,1,0
2025-08-18,136,Resistor,402,murata,3716,439,0.0,81.83,1,1,0
2025-08-18,135,Resistor,1008,samsung,3497,517,0.0,72.13,1,1,0
2025-08-18,134,Resistor,1008,samsung,2979,404,0.0,119.33,1,1,0
2025-08-18,133,Resistor,1008,murata,3534,406,0.0,107.49,1,1,0
2025-08-18,132,Resistor,402,murata,3195,401,0.0,157.5,1,1,0
2025-08-18,131,Resistor,402,murata,3586,579,0.0,85.78,1,1,0
2025-08-18,112,RF Filter / Duplexer,2520,samsung,1010,160,0.0,138.52,1,1,0
2025-08-18,73,Inductor,604,murata,3234,46,0.0,1741.69,0,0,0
2025-08-18,111,RF Filter / Duplexer,2015,murata,2479,43,0.0,524.76,0,0,0
2025-08-18,109,RF Filter / Duplexer,2015,samsung,444,131,0.0,44.0,1,1,0
2025-08-18,89,Inductor,604,murata,1541,54,0.0,215.82,0,1,0
2025-08-18,88,Inductor,402,murata,3913,128,0.0,345.74,0,1,0
2025-08-18,87,Inductor,402,murata,3015,65,0.0,1108.91,0,0,0
2025-08-18,86,Inductor,604,samsung,106,0,0.0,10600000.0,0,0,0
2025-08-18,85,Inductor,604,samsung,3010,65,0.0,1108.19,0,0,0
2025-08-18,84,Inductor,402,samsung,254,93,0.0,22.32,1,1,0
2025-08-18,90,Inductor,1008,murata,3201,46,0.0,1721.57,0,0,0
2025-08-18,83,Inductor,604,samsung,3047,65,0.0,1122.76,0,0,0
2025-08-18,81,Inductor,604,murata,106,0,0.0,10600000.0,0,0,0
2025-08-18,80,Inductor,402,samsung,3731,38,0.0,2176.73,0,0,0
2025-08-18,79,Inductor,402,murata,3007,65,0.0,1108.13,0,0,0
2025-08-18,78,Inductor,1008,murata,3195,46,0.0,1719.92,0,0,0
2025-08-18,77,Inductor,402,samsung,2283,52,0.0,455.46,0,0,0
2025-08-18,76,Inductor,604,murata,3196,46,0.0,1719.96,0,0,0
2025-08-18,82,Inductor,604,samsung,3013,65,0.0,1108.73,0,0,0
2025-08-18,91,Inductor,402,murata,3914,19,0.0,4566.82,0,0,0
2025-08-18,92,Inductor,1008,samsung,2261,39,0.0,367.39,0,1,0
2025-08-18,93,Inductor,1008,murata,2967,65,0.0,1091.91,0,0,0
2025-08-18,108,RF Filter / Duplexer,2520,samsung,3879,301,0.0,168.91,1,1,0
2025-08-18,107,PMIC / Power IC,2015,murata,749,343,0.0,23.76,1,1,0
2025-08-18,106,PMIC / Power IC,2520,murata,3859,152,0.0,384.68,0,1,0
2025-08-18,105,PMIC / Power IC,2015,murata,3703,349,0.0,163.09,1,1,0
2025-08-18,104,PMIC / Power IC,2520,samsung,1540,236,0.0,87.17,1,1,0
2025-08-18,103,PMIC / Power IC,2015,murata,979,302,0.0,30.2,1,1,0
2025-08-18,102,PMIC / Power IC,2520,murata,4426,314,0.0,227.09,0,1,0
2025-08-18,101,PMIC / Power IC,2520,murata,1165,523,0.0,30.05,1,1,0
2025-08-18,100,PMIC / Power IC,2520,murata,185,340,0.0,4.75,1,1,0
2025-08-18,99,Misc IC / Unknown,2015,murata,3551,705,0.0,62.07,1,1,0
2025-08-18,98,Misc IC / Unknown,2015,murata,1348,743,0.0,27.23,1,1,0
2025-08-18,97,Misc IC / Unknown,2015,samsung,611,436,0.0,13.99,1,1,0
2025-08-18,96,Inductor,604,murata,1941,51,0.0,394.74,0,1,0
2025-08-18,95,Inductor,604,murata,1002,79,0.0,115.22,1,1,0
2025-08-18,94,Inductor,402,samsung,3920,19,0.0,4572.11,0,0,0
2025-08-18,110,RF Filter / Duplexer,2520,murata,3018,147,0.0,221.39,0,1,0
2025-08-18,148,저항,603,samsung,180,0,0.0,18000000.0,0,0,0
2025-08-28,74,Inductor,402,samsung,4246,47,0.0,4987.14,0,0,0
2025-08-28,146,Resistor,1008,samsung,1222,613,0.0,26.6,1,1,0
2025-08-28,51,Ferrite Bead,604,murata,3911,180,0.0,390.11,0,1,0
2025-08-28,50,Diode,604,murata,324,1258,0.0,3.31,1,1,0
2025-08-28,49,Diode,604,murata,3550,1654,0.0,37.56,1,1,0
2025-08-28,48,Capacitor,1008,samsung,633,335,0.0,31.06,1,1,0
2025-08-28,47,Capacitor,604,samsung,2251,312,0.0,85.16,1,1,0
2025-08-28,46,Capacitor,402,samsung,3506,406,0.0,94.92,1,1,0
2025-08-28,52,Ferrite Bead,402,samsung,3348,199,0.0,220.21,0,1,0
2025-08-28,45,Capacitor,402,samsung,2069,288,0.0,117.64,1,1,0
2025-08-28,43,Capacitor,1008,samsung,3734,243,0.0,343.01,0,1,0
2025-08-28,42,Capacitor,402,samsung,2658,276,0.0,208.05,0,1,0
2025-08-28,41,Capacitor,402,murata,819,155,0.0,85.66,1,1,0
2025-08-28,40,Capacitor,1008,murata,3742,337,0.0,182.26,1,1,0
2025-08-28,39,Capacitor,1008,samsung,3722,214,0.0,291.98,0,1,0
2025-08-28,38,Capacitor,604,murata,1955,174,0.0,120.6,1,1,0
2025-08-28,44,Capacitor,604,murata,3188,127,0.0,252.47,0,1,0
2025-08-28,53,Ferrite Bead,402,murata,1373,238,0.0,82.86,1,1,0
2025-08-28,54,Ferrite Bead,604,murata,1544,167,0.0,215.82,1,1,0
2025-08-28,55,Ferrite Bead,402,murata,1549,183,0.0,216.15,1,1,0
2025-08-28,70,Inductor,402,samsung,95,138,0.0,8.08,1,1,0
2025-08-28,69,Inductor,1008,murata,103,0,0.0,10311666.67,0,0,0
2025-08-28,68,Inductor,402,murata,108,0,0.0,10800000.0,0,0,0
2025-08-28,67,Inductor,1008,samsung,3917,47,0.0,4568.4,0,0,0
2025-08-28,66,Inductor,1008,samsung,2817,208,0.0,220.79,0,1,0
2025-08-28,65,Inductor,1008,samsung,109,0,0.0,10900000.0,0,0,0
2025-08-28,64,Inductor,402,samsung,3188,35,0.0,1013.18,0,0,0
2025-08-28,63,Inductor,402,murata,3653,118,0.0,363.06,0,1,0
2025-08-28,62,Inductor,1008,samsung,2498,78,0.0,371.57,0,0,0
2025-08-28,61,Inductor,1008,samsung,2103,123,0.0,476.93,0,1,0
2025-08-28,60,Inductor,1008,samsung,2430,90,0.0,548.34,0,0,0
2025-08-28,59,Inductor,1008,murata,3340,62,0.0,933.81,0,0,0
2025-08-28,58,Inductor,604,samsung,105,0,0.0,10500000.0,0,0,0
2025-08-28,57,Inductor,402,murata,3190,35,0.0,1013.44,0,0,0
2025-08-28,56,Ferrite Bead,604,samsung,3834,188,0.0,398.13,0,0,0
2025-08-28,37,Capacitor,604,murata,2127,318,0.0,86.21,1,1,0
2025-08-28,71,Inductor,1008,samsung,104,0,0.0,10409333.33,0,0,0
2025-08-28,36,Capacitor,604,samsung,2077,231,0.0,295.9,0,1,0
2025-08-28,34,Capacitor,1008,samsung,980,95,0.0,100.13,1,1,0
2025-08-28,14,Capacitor,604,murata,960,381,0.0,29.91,1,1,0
2025-08-28,13,Capacitor,1008,samsung,3000,237,0.0,199.16,0,1,0
2025-08-28,12,Capacitor,402,samsung,2439,173,0.0,152.5,1,1,0
2025-08-28,11,Capacitor,1008,murata,2479,347,0.0,101.47,1,1,0
2025-08-28,10,Capacitor,1008,samsung,2278,224,0.0,156.5,1,1,0
2025-08-28,9,Capacitor,402,murata,632,95,0.0,68.31,1,1,0
2025-08-28,15,Capacitor,604,samsung,1558,209,0.0,132.14,1,1,0
2025-08-28,8,Capacitor,1008,samsung,249,194,0.0,14.88,1,1,0
2025-08-28,6,Capacitor,402,samsung,2832,383,0.0,126.07,1,1,0
2025-08-28,5,Capacitor,402,samsung,830,281,0.0,42.62,1,1,0
2025-08-28,4,Capacitor,402,samsung,2892,247,0.0,218.51,0,1,0
2025-08-28,3,Capacitor,1008,samsung,2301,266,0.0,154.09,1,1,0
2025-08-28,2,Capacitor,1008,murata,94,138,0.0,8.03,1,1,0
2025-08-28,1,Capacitor,604,murata,1450,276,0.0,116.66,1,1,0
2025-08-28,7,Capacitor,1008,murata,1759,364,0.0,65.8,1,1,0
2025-08-28,16,Capacitor,604,samsung,443,398,0.0,20.99,1,1,0
2025-08-28,17,Capacitor,1008,murata,1568,139,0.0,247.19,1,1,0
2025-08-28,18,Capacitor,604,murata,1572,196,0.0,68.21,1,1,0
2025-08-28,33,Capacitor,1008,murata,3746,150,0.0,373.53,0,1,0
2025-08-28,32,Capacitor,402,samsung,2998,467,0.0,122.94,1,1,0
2025-08-28,31,Capacitor,1008,samsung,844,267,0.0,45.53,1,1,0
2025-08-28,30,Capacitor,1008,samsung,3263,581,0.0,96.4,1,1,0
2025-08-28,29,Capacitor,1008,samsung,2125,212,0.0,164.31,1,1,0
2025-08-28,28,Capacitor,1008,samsung,1703,590,0.0,61.68,1,1,0
2025-08-28,27,Capacitor,1008,samsung,237,293,0.0,8.71,1,1,0
2025-08-28,26,Capacitor,604,samsung,834,266,0.0,73.1,1,1,0
2025-08-28,25,Capacitor,1008,murata,222,215,0.0,17.42,1,1,0
2025-08-28,24,Capacitor,1008,samsung,3881,172,0.0,311.35,0,1,0
2025-08-28,23,Capacitor,402,samsung,1191,142,0.0,149.85,1,1,0
2025-08-28,22,Capacitor,604,murata,1528,213,0.0,83.76,1,1,0
2025-08-28,21,Capacitor,604,murata,279,177,0.0,24.61,1,1,0
2025-08-28,20,Capacitor,402,samsung,252,415,0.0,10.48,1,1,0
2025-08-28,19,Capacitor,1008,samsung,3738,116,0.0,307.09,0,1,0
2025-08-28,35,Capacitor,604,samsung,1921,154,0.0,351.75,0,1,0
2025-08-28,147,저항,603,samsung,180,0,0.0,18000000.0,0,0,0
2025-08-28,72,Inductor,604,samsung,2733,62,0.0,766.19,0,0,0
2025-08-28,75,Inductor,402,samsung,109,0,0.0,10900000.0,0,0,0
2025-08-28,126,Resistor,604,murata,3431,460,0.0,98.17,1,1,0
2025-08-28,125,Resistor,402,murata,660,282,0.0,31.73,1,1,0
2025-08-28,124,Resistor,604,samsung,1185,312,0.0,64.35,1,1,0
2025-08-28,123,Resistor,604,samsung,2600,597,0.0,71.98,1,1,0
2025-08-28,122,Resistor,402,samsung,481,356,0.0,15.18,1,1,0
2025-08-28,121,RF Front-End / PA,2015,murata,1762,428,0.0,67.62,1,1,0
2025-08-28,127,Resistor,604,samsung,2101,593,0.0,50.19,1,1,0
2025-08-28,120,RF Front-End / PA,2015,samsung,2257,471,0.0,86.85,1,1,0
2025-08-28,118,RF Front-End / PA,2520,murata,3542,306,0.0,301.59,0,1,0
2025-08-28,117,RF Filter / Module,2015,samsung,585,2037,0.0,3.96,1,1,0
2025-08-28,116,RF Filter / Duplexer,2520,murata,1190,142,0.0,149.42,1,1,0
2025-08-28,115,RF Filter / Duplexer,2015,samsung,3716,156,0.0,275.74,0,1,0
2025-08-28,114,RF Filter / Duplexer,2015,samsung,3268,390,0.0,143.28,1,1,0
2025-08-28,113,RF Filter / Duplexer,2015,murata,1882,287,0.0,128.46,1,1,0
2025-08-28,119,RF Front-End / PA,2520,murata,1790,415,0.0,58.55,1,1,0
2025-08-28,128,Resistor,1008,murata,3411,408,0.0,161.02,1,1,0
2025-08-28,129,Resistor,402,samsung,1232,688,0.0,19.88,1,1,0
2025-08-28,130,Resistor,402,samsung,2865,691,0.0,80.73,1,1,0
2025-08-28,145,Resistor,604,murata,1639,601,0.0,29.16,1,1,0
2025-08-28,144,Resistor,604,murata,159,584,0.0,3.74,1,1,0
2025-08-28,143,Resistor,1008,murata,4343,364,0.0,283.72,0,1,0
2025-08-28,142,Resistor,1008,murata,3185,613,0.0,86.92,1,1,0
2025-08-28,141,Resistor,1008,murata,2833,525,0.0,89.68,1,1,0
2025-08-28,140,Resistor,604,murata,281,428,0.0,12.1,1,1,0
2025-08-28,139,Resistor,402,murata,2043,339,0.0,108.08,1,1,0
2025-08-28,138,Resistor,402,samsung,2711,581,0.0,79.96,1,1,0
2025-08-28,137,Resistor,402,murata,2638,285,0.0,127.11,1,1,0
2025-08-28,136,Resistor,402,murata,3716,547,0.0,81.93,1,1,0
2025-08-28,135,Resistor,1008,samsung,3497,592,0.0,72.05,1,1,0
2025-08-28,134,Resistor,1008,samsung,2979,553,0.0,119.34,1,1,0
2025-08-28,133,Resistor,1008,murata,3534,386,0.0,107.5,1,1,0
2025-08-28,132,Resistor,402,murata,3195,409,0.0,157.51,1,1,0
2025-08-28,131,Resistor,402,murata,3586,736,0.0,85.71,1,1,0
2025-08-28,112,RF Filter / Duplexer,2520,samsung,1010,200,0.0,138.03,1,1,0
2025-08-28,73,Inductor,604,murata,3234,30,0.0,1741.98,0,0,0
2025-08-28,111,RF Filter / Duplexer,2015,murata,2479,116,0.0,524.73,0,0,0
2025-08-28,109,RF Filter / Duplexer,2015,samsung,444,112,0.0,43.93,1,1,0
2025-08-28,89,Inductor,604,murata,1541,86,0.0,215.65,0,1,0
2025-08-28,88,Inductor,402,murata,3913,201,0.0,345.8,0,1,0
2025-08-28,87,Inductor,402,murata,3015,77,0.0,1108.93,0,0,0
2025-08-28,86,Inductor,604,samsung,106,0,0.0,10600000.0,0,0,0
2025-08-28,85,Inductor,604,samsung,3010,77,0.0,1108.22,0,0,0
2025-08-28,84,Inductor,402,samsung,254,78,0.0,22.35,1,1,0
2025-08-28,90,Inductor,1008,murata,3201,30,0.0,1721.65,0,0,0
2025-08-28,83,Inductor,604,samsung,3047,77,0.0,1122.76,0,0,0
2025-08-28,81,Inductor,604,murata,106,0,0.0,10600000.0,0,0,0
2025-08-28,80,Inductor,402,samsung,3731,94,0.0,2176.63,0,0,0
2025-08-28,79,Inductor,402,murata,3007,77,0.0,1108.16,0,0,0
2025-08-28,78,Inductor,1008,murata,3195,30,0.0,1720.16,0,0,0
2025-08-28,77,Inductor,402,samsung,2283,65,0.0,455.23,0,0,0
2025-08-28,76,Inductor,604,murata,3196,30,0.0,1720.2,0,0,0
2025-08-28,82,Inductor,604,samsung,3013,77,0.0,1108.76,0,0,0
2025-08-28,91,Inductor,402,murata,3914,47,0.0,4567.03,0,0,0
2025-08-28,92,Inductor,1008,samsung,2261,52,0.0,367.25,0,1,0
2025-08-28,93,Inductor,1008,murata,2967,77,0.0,1092.14,0,0,0
2025-08-28,108,RF Filter / Duplexer,2520,samsung,3879,442,0.0,168.9,1,1,0
2025-08-28,107,PMIC / Power IC,2015,murata,749,353,0.0,23.76,1,1,0
2025-08-28,106,PMIC / Power IC,2520,murata,3859,212,0.0,384.66,0,1,0
2025-08-28,105,PMIC / Power IC,2015,murata,3703,497,0.0,163.13,1,1,0
2025-08-28,104,PMIC / Power IC,2520,samsung,1540,305,0.0,87.15,1,1,0
2025-08-28,103,PMIC / Power IC,2015,murata,979,439,0.0,30.2,1,1,0
2025-08-28,102,PMIC / Power IC,2520,murata,4426,371,0.0,226.84,0,1,0
2025-08-28,101,PMIC / Power IC,2520,murata,1165,637,0.0,30.08,1,1,0
2025-08-28,100,PMIC / Power IC,2520,murata,185,495,0.0,4.74,1,1,0
2025-08-28,99,Misc IC / Unknown,2015,murata,3551,867,0.0,61.99,1,1,0
2025-08-28,98,Misc IC / Unknown,2015,murata,1348,748,0.0,27.15,1,1,0
2025-08-28,97,Misc IC / Unknown,2015,samsung,611,840,0.0,13.99,1,1,0
2025-08-28,96,Inductor,604,murata,1941,52,0.0,394.46,0,1,0
2025-08-28,95,Inductor,604,murata,1002,108,0.0,115.21,1,1,0
2025-08-28,94,Inductor,402,samsung,3920,47,0.0,4572.11,0,0,0
2025-08-28,110,RF Filter / Duplexer,2520,murata,3018,192,0.0,221.36,0,1,0
2025-08-28,148,저항,603,samsung,180,0,0.0,18000000.0,0,0,0
2025-09-07,74,Inductor,402,samsung,4246,43,0.0,4986.75,0,0,0
2025-09-07,146,Resistor,1008,samsung,1222,753,0.0,26.66,1,1,0
2025-09-07,51,Ferrite Bead,604,murata,3911,236,0.0,390.1,0,1,0
2025-09-07,50,Diode,604,murata,324,1496,0.0,3.33,1,1,0
2025-09-07,49,Diode,604,murata,3550,1939,0.0,37.56,1,1,0
2025-09-07,48,Capacitor,1008,samsung,633,412,0.0,31.07,1,1,0
2025-09-07,47,Capacitor,604,samsung,2251,416,0.0,85.19,1,1,0
2025-09-07,46,Capacitor,402,samsung,3506,540,0.0,94.96,1,1,0
2025-09-07,52,Ferrite Bead,402,samsung,3348,259,0.0,220.19,0,1,0
2025-09-07,45,Capacitor,402,samsung,2069,311,0.0,117.55,1,1,0
2025-09-07,43,Capacitor,1008,samsung,3734,273,0.0,342.96,0,1,0
2025-09-07,42,Capacitor,402,samsung,2658,325,0.0,208.07,0,1,0
2025-09-07,41,Capacitor,402,murata,819,176,0.0,85.73,1,1,0
2025-09-07,40,Capacitor,1008,murata,3742,415,0.0,182.27,1,1,0
2025-09-07,39,Capacitor,1008,samsung,3722,266,0.0,291.97,0,1,0
2025-09-07,38,Capacitor,604,murata,1955,266,0.0,120.65,1,1,0
2025-09-07,44,Capacitor,604,murata,3188,189,0.0,252.37,0,1,0
2025-09-07,53,Ferrite Bead,402,murata,1373,282,0.0,82.87,1,1,0
2025-09-07,54,Ferrite Bead,604,murata,1544,181,0.0,215.72,1,1,0
2025-09-07,55,Ferrite Bead,402,murata,1549,175,0.0,215.99,1,1,0
2025-09-07,70,Inductor,402,samsung,95,182,0.0,8.07,1,1,0
2025-09-07,69,Inductor,1008,murata,103,0,0.0,10311666.67,0,0,0
2025-09-07,68,Inductor,402,murata,108,0,0.0,10800000.0,0,0,0
2025-09-07,67,Inductor,1008,samsung,3917,43,0.0,4568.31,0,0,0
2025-09-07,66,Inductor,1008,samsung,2817,227,0.0,220.78,0,1,0
2025-09-07,65,Inductor,1008,samsung,109,0,0.0,10900000.0,0,0,0
2025-09-07,64,Inductor,402,samsung,3188,38,0.0,1013.18,0,0,0
2025-09-07,63,Inductor,402,murata,3653,144,0.0,363.13,0,1,0
2025-09-07,62,Inductor,1008,samsung,2498,84,0.0,371.48,0,0,0
2025-09-07,61,Inductor,1008,samsung,2103,135,0.0,470.71,0,1,0
2025-09-07,60,Inductor,1008,samsung,2430,89,0.0,548.47,0,0,0
2025-09-07,59,Inductor,1008,murata,3340,43,0.0,933.83,0,0,0
2025-09-07,58,Inductor,604,samsung,105,0,0.0,10500000.0,0,0,0
2025-09-07,57,Inductor,402,murata,3190,38,0.0,1013.45,0,0,0
2025-09-07,56,Ferrite Bead,604,samsung,3834,222,0.0,397.98,0,0,0
2025-09-07,37,Capacitor,604,murata,2127,477,0.0,86.26,1,1,0
2025-09-07,71,Inductor,1008,samsung,104,0,0.0,10409333.33,0,0,0
2025-09-07,36,Capacitor,604,samsung,2077,218,0.0,295.79,0,1,0
2025-09-07,34,Capacitor,1008,samsung,980,137,0.0,100.11,1,1,0
2025-09-07,14,Capacitor,604,murata,960,454,0.0,29.94,1,1,0
2025-09-07,13,Capacitor,1008,samsung,3000,262,0.0,199.29,0,1,0
2025-09-07,12,Capacitor,402,samsung,2439,222,0.0,152.57,1,1,0
2025-09-07,11,Capacitor,1008,murata,2479,451,0.0,101.58,1,1,0
2025-09-07,10,Capacitor,1008,samsung,2278,227,0.0,156.45,1,1,0
2025-09-07,9,Capacitor,402,murata,632,138,0.0,68.35,1,1,0
2025-09-07,15,Capacitor,604,samsung,1558,227,0.0,132.14,1,1,0
2025-09-07,8,Capacitor,1008,samsung,249,275,0.0,14.9,1,1,0
2025-09-07,6,Capacitor,402,samsung,2832,458,0.0,126.07,1,1,0
2025-09-07,5,Capacitor,402,samsung,830,306,0.0,42.63,1,1,0
2025-09-07,4,Capacitor,402,samsung,2892,262,0.0,218.48,0,1,0
2025-09-07,3,Capacitor,1008,samsung,2301,265,0.0,154.13,1,1,0
2025-09-07,2,Capacitor,1008,murata,94,182,0.0,8.02,1,1,0
2025-09-07,1,Capacitor,604,murata,1450,318,0.0,116.59,1,1,0
2025-09-07,7,Capacitor,1008,murata,1759,455,0.0,65.78,1,1,0
2025-09-07,16,Capacitor,604,samsung,443,449,0.0,20.99,1,1,0
2025-09-07,17,Capacitor,1008,murata,1568,135,0.0,246.93,1,1,0
2025-09-07,18,Capacitor,604,murata,1572,337,0.0,68.29,1,1,0
2025-09-07,33,Capacitor,1008,murata,3746,132,0.0,373.46,0,1,0
2025-09-07,32,Capacitor,402,samsung,2998,538,0.0,122.92,1,1,0
2025-09-07,31,Capacitor,1008,samsung,844,369,0.0,45.54,1,1,0
2025-09-07,30,Capacitor,1008,samsung,3263,632,0.0,96.37,1,1,0
2025-09-07,29,Capacitor,1008,samsung,2125,288,0.0,164.4,1,1,0
2025-09-07,28,Capacitor,1008,samsung,1703,571,0.0,61.71,1,1,0
2025-09-07,27,Capacitor,1008,samsung,237,394,0.0,8.71,1,1,0
2025-09-07,26,Capacitor,604,samsung,834,314,0.0,73.12,1,1,0
2025-09-07,25,Capacitor,1008,murata,222,216,0.0,17.38,1,1,0
2025-09-07,24,Capacitor,1008,samsung,3881,229,0.0,311.32,0,1,0
2025-09-07,23,Capacitor,402,samsung,1191,179,0.0,149.79,1,1,0
2025-09-07,22,Capacitor,604,murata,1528,224,0.0,83.71,1,1,0
2025-09-07,21,Capacitor,604,murata,279,217,0.0,24.64,1,1,0
2025-09-07,20,Capacitor,402,samsung,252,500,0.0,10.49,1,1,0
2025-09-07,19,Capacitor,1008,samsung,3738,181,0.0,307.17,0,1,0
2025-09-07,35,Capacitor,604,samsung,1921,184,0.0,352.03,0,1,0
2025-09-07,147,저항,603,samsung,180,0,0.0,18000000.0,0,0,0
2025-09-07,72,Inductor,604,samsung,2733,43,0.0,765.81,0,0,0
2025-09-07,75,Inductor,402,samsung,109,0,0.0,10900000.0,0,0,0
2025-09-07,126,Resistor,604,murata,3431,588,0.0,98.31,1,1,0
2025-09-07,125,Resistor,402,murata,660,359,0.0,31.81,1,1,0
2025-09-07,124,Resistor,604,samsung,1185,349,0.0,64.37,1,1,0
2025-09-07,123,Resistor,604,samsung,2600,731,0.0,71.84,1,1,0
2025-09-07,122,Resistor,402,samsung,481,506,0.0,15.19,1,1,0
2025-09-07,121,RF Front-End / PA,2015,murata,1762,545,0.0,67.64,1,1,0
2025-09-07,127,Resistor,604,samsung,2101,715,0.0,50.14,1,1,0
2025-09-07,120,RF Front-End / PA,2015,samsung,2257,544,0.0,86.85,1,1,0
2025-09-07,118,RF Front-End / PA,2520,murata,3542,310,0.0,301.59,0,1,0
2025-09-07,117,RF Filter / Module,2015,samsung,585,2392,0.0,3.96,1,1,0
2025-09-07,116,RF Filter / Duplexer,2520,murata,1190,179,0.0,149.38,1,1,0
2025-09-07,115,RF Filter / Duplexer,2015,samsung,3716,168,0.0,275.77,0,1,0
2025-09-07,114,RF Filter / Duplexer,2015,samsung,3268,408,0.0,143.24,1,1,0
2025-09-07,113,RF Filter / Duplexer,2015,murata,1882,377,0.0,128.42,1,1,0
2025-09-07,119,RF Front-End / PA,2520,murata,1790,500,0.0,58.52,1,1,0
2025-09-07,128,Resistor,1008,murata,3411,402,0.0,161.05,1,1,0
2025-09-07,129,Resistor,402,samsung,1232,969,0.0,19.86,1,1,0
2025-09-07,130,Resistor,402,samsung,2865,815,0.0,80.67,1,1,0
2025-09-07,145,Resistor,604,murata,1639,790,0.0,29.16,1,1,0
2025-09-07,144,Resistor,604,murata,159,679,0.0,3.73,1,1,0
2025-09-07,143,Resistor,1008,murata,4343,389,0.0,284.74,0,1,0
2025-09-07,142,Resistor,1008,murata,3185,673,0.0,86.99,1,1,0
2025-09-07,141,Resistor,1008,murata,2833,636,0.0,89.66,1,1,0
2025-09-07,140,Resistor,604,murata,281,476,0.0,12.09,1,1,0
2025-09-07,139,Resistor,402,murata,2043,388,0.0,108.22,1,1,0
2025-09-07,138,Resistor,402,samsung,2711,674,0.0,80.03,1,1,0
2025-09-07,137,Resistor,402,murata,2638,371,0.0,127.2,1,1,0
2025-09-07,136,Resistor,402,murata,3716,678,0.0,82.03,1,1,0
2025-09-07,135,Resistor,1008,samsung,3497,689,0.0,71.99,1,1,0
2025-09-07,134,Resistor,1008,samsung,2979,633,0.0,119.36,1,1,0
2025-09-07,133,Resistor,1008,murata,3534,511,0.0,107.47,1,1,0
2025-09-07,132,Resistor,402,murata,3195,512,0.0,157.5,1,1,0
2025-09-07,131,Resistor,402,murata,3586,869,0.0,85.65,1,1,0
2025-09-07,112,RF Filter / Duplexer,2520,samsung,1010,227,0.0,137.93,1,1,0
2025-09-07,73,Inductor,604,murata,3234,49,0.0,1742.1,0,0,0
2025-09-07,111,RF Filter / Duplexer,2015,murata,2479,132,0.0,524.72,0,0,0
2025-09-07,109,RF Filter / Duplexer,2015,samsung,444,189,0.0,43.97,1,1,0
2025-09-07,89,Inductor,604,murata,1541,92,0.0,215.57,0,1,0
2025-09-07,88,Inductor,402,murata,3913,219,0.0,345.79,0,1,0
2025-09-07,87,Inductor,402,murata,3015,92,0.0,1108.96,0,0,0
2025-09-07,86,Inductor,604,samsung,106,0,0.0,10600000.0,0,0,0
2025-09-07,85,Inductor,604,samsung,3010,92,0.0,1108.24,0,0,0
2025-09-07,84,Inductor,402,samsung,254,143,0.0,22.46,1,1,0
2025-09-07,90,Inductor,1008,murata,3201,49,0.0,1721.62,0,0,0
2025-09-07,83,Inductor,604,samsung,3047,92,0.0,1122.59,0,0,0
2025-09-07,81,Inductor,604,murata,106,0,0.0,10600000.0,0,0,0
2025-09-07,80,Inductor,402,samsung,3731,86,0.0,2176.73,0,0,0
2025-09-07,79,Inductor,402,murata,3007,92,0.0,1108.17,0,0,0
2025-09-07,78,Inductor,1008,murata,3195,49,0.0,1720.14,0,0,0
2025-09-07,77,Inductor,402,samsung,2283,87,0.0,455.06,0,0,0
2025-09-07,76,Inductor,604,murata,3196,49,0.0,1720.19,0,0,0
2025-09-07,82,Inductor,604,samsung,3013,92,0.0,1108.78,0,0,0
2025-09-07,91,Inductor,402,murata,3914,43,0.0,4567.12,0,0,0
2025-09-07,92,Inductor,1008,samsung,2261,91,0.0,367.28,0,1,0
2025-09-07,93,Inductor,1008,murata,2967,92,0.0,1092.69,0,0,0
2025-09-07,108,RF Filter / Duplexer,2520,samsung,3879,495,0.0,168.79,1,1,0
2025-09-07,107,PMIC / Power IC,2015,murata,749,516,0.0,23.75,1,1,0
2025-09-07,106,PMIC / Power IC,2520,murata,3859,224,0.0,384.38,0,1,0
2025-09-07,105,PMIC / Power IC,2015,murata,3703,534,0.0,163.14,1,1,0
2025-09-07,104,PMIC / Power IC,2520,samsung,1540,363,0.0,87.04,1,1,0
2025-09-07,103,PMIC / Power IC,2015,murata,979,486,0.0,30.19,1,1,0
2025-09-07,102,PMIC / Power IC,2520,murata,4426,460,0.0,226.75,0,1,0
2025-09-07,101,PMIC / Power IC,2520,murata,1165,772,0.0,30.11,1,1,0
2025-09-07,100,PMIC / Power IC,2520,murata,185,577,0.0,4.75,1,1,0
2025-09-07,99,Misc IC / Unknown,2015,murata,3551,1047,0.0,61.95,1,1,0
2025-09-07,98,Misc IC / Unknown,2015,murata,1348,978,0.0,27.14,1,1,0
2025-09-07,97,Misc IC / Unknown,2015,samsung,611,864,0.0,13.99,1,1,0
2025-09-07,96,Inductor,604,murata,1941,95,0.0,393.9,0,1,0
2025-09-07,95,Inductor,604,murata,1002,133,0.0,115.01,1,1,0
2025-09-07,94,Inductor,402,samsung,3920,43,0.0,4571.89,0,0,0
2025-09-07,110,RF Filter / Duplexer,2520,murata,3018,217,0.0,221.45,0,1,0
2025-09-07,148,저항,603,samsung,180,0,0.0,18000000.0,0,0,0
2025-09-17,74,Inductor,402,samsung,4246,29,0.0,4986.33,0,0,0
2025-09-17,146,Resistor,1008,samsung,1222,629,0.0,26.62,1,1,0
2025-09-17,51,Ferrite Bead,604,murata,3911,163,0.0,390.06,0,1,0
2025-09-17,50,Diode,604,murata,324,1142,0.0,3.31,1,1,0
2025-09-17,49,Diode,604,murata,3550,1524,0.0,37.56,1,1,0
2025-09-17,48,Capacitor,1008,samsung,633,302,0.0,31.05,1,1,0
2025-09-17,47,Capacitor,604,samsung,2251,332,0.0,85.24,1,1,0
2025-09-17,46,Capacitor,402,samsung,3506,422,0.0,94.91,1,1,0
2025-09-17,52,Ferrite Bead,402,samsung,3348,228,0.0,220.2,0,1,0
2025-09-17,45,Capacitor,402,samsung,2069,226,0.0,117.56,1,1,0
2025-09-17,43,Capacitor,1008,samsung,3734,199,0.0,343.05,0,1,0
2025-09-17,42,Capacitor,402,samsung,2658,257,0.0,208.04,0,1,0
2025-09-17,41,Capacitor,402,murata,819,139,0.0,85.65,1,1,0
2025-09-17,40,Capacitor,1008,murata,3742,338,0.0,182.22,1,1,0
2025-09-17,39,Capacitor,1008,samsung,3722,192,0.0,292.02,0,1,0
2025-09-17,38,Capacitor,604,murata,1955,202,0.0,120.47,1,1,0
2025-09-17,44,Capacitor,604,murata,3188,172,0.0,252.5,0,1,0
2025-09-17,53,Ferrite Bead,402,murata,1373,222,0.0,82.81,1,1,0
2025-09-17,54,Ferrite Bead,604,murata,1544,122,0.0,215.64,1,1,0
2025-09-17,55,Ferrite Bead,402,murata,1549,129,0.0,216.04,1,1,0
2025-09-17,70,Inductor,402,samsung,95,145,0.0,8.09,1,1,0
2025-09-17,69,Inductor,1008,murata,103,0,0.0,10311666.67,0,0,0
2025-09-17,68,Inductor,402,murata,108,0,0.0,10800000.0,0,0,0
2025-09-17,67,Inductor,1008,samsung,3917,29,0.0,4568.21,0,0,0
2025-09-17,66,Inductor,1008,samsung,2817,177,0.0,220.76,0,1,0
2025-09-17,65,Inductor,1008,samsung,109,0,0.0,10900000.0,0,0,0
2025-09-17,64,Inductor,402,samsung,3188,46,0.0,1013.26,0,0,0
2025-09-17,63,Inductor,402,murata,3653,129,0.0,363.04,0,1,0
2025-09-17,62,Inductor,1008,samsung,2498,75,0.0,371.58,0,1,0
2025-09-17,61,Inductor,1008,samsung,2103,106,0.0,469.69,0,1,0
2025-09-17,60,Inductor,1008,samsung,2430,58,0.0,548.37,0,0,0
2025-09-17,59,Inductor,1008,murata,3340,59,0.0,933.81,0,0,0
2025-09-17,58,Inductor,604,samsung,105,0,0.0,10500000.0,0,0,0
2025-09-17,57,Inductor,402,murata,3190,46,0.0,1013.51,0,0,0
2025-09-17,56,Ferrite Bead,604,samsung,3834,187,0.0,398.1,0,0,0
2025-09-17,37,Capacitor,604,murata,2127,340,0.0,86.23,1,1,0
2025-09-17,71,Inductor,1008,samsung,104,0,0.0,10409333.33,0,0,0
2025-09-17,36,Capacitor,604,samsung,2077,145,0.0,295.95,0,1,0
2025-09-17,34,Capacitor,1008,samsung,980,101,0.0,100.17,1,1,0
2025-09-17,14,Capacitor,604,murata,960,363,0.0,29.92,1,1,0
2025-09-17,13,Capacitor,1008,samsung,3000,182,0.0,199.19,0,1,0
2025-09-17,12,Capacitor,402,samsung,2439,177,0.0,152.53,1,1,0
2025-09-17,11,Capacitor,1008,murata,2479,407,0.0,101.52,1,1,0
2025-09-17,10,Capacitor,1008,samsung,2278,194,0.0,156.51,1,1,0
2025-09-17,9,Capacitor,402,murata,632,102,0.0,68.2,1,1,0
2025-09-17,15,Capacitor,604,samsung,1558,164,0.0,132.13,1,1,0
2025-09-17,8,Capacitor,1008,samsung,249,185,0.0,14.91,1,1,0
2025-09-17,6,Capacitor,402,samsung,2832,380,0.0,126.08,1,1,0
2025-09-17,5,Capacitor,402,samsung,830,292,0.0,42.61,1,1,0
2025-09-17,4,Capacitor,402,samsung,2892,223,0.0,218.44,0,1,0
2025-09-17,3,Capacitor,1008,samsung,2301,263,0.0,154.13,1,1,0
2025-09-17,2,Capacitor,1008,murata,94,145,0.0,8.04,1,1,0
2025-09-17,1,Capacitor,604,murata,1450,230,0.0,116.67,1,1,0
2025-09-17,7,Capacitor,1008,murata,1759,337,0.0,65.8,1,1,0
2025-09-17,16,Capacitor,604,samsung,443,338,0.0,20.98,1,1,0
2025-09-17,17,Capacitor,1008,murata,1568,123,0.0,247.39,1,1,0
2025-09-17,18,Capacitor,604,murata,1572,239,0.0,68.22,1,1,0
2025-09-17,33,Capacitor,1008,murata,3746,143,0.0,373.7,0,1,0
2025-09-17,32,Capacitor,402,samsung,2998,387,0.0,122.94,1,1,0
2025-09-17,31,Capacitor,1008,samsung,844,264,0.0,45.51,1,1,0
2025-09-17,30,Capacitor,1008,samsung,3263,522,0.0,96.43,1,1,0
2025-09-17,29,Capacitor,1008,samsung,2125,234,0.0,164.44,1,1,0
2025-09-17,28,Capacitor,1008,samsung,1703,442,0.0,61.68,1,1,0
2025-09-17,27,Capacitor,1008,samsung,237,340,0.0,8.69,1,1,0
2025-09-17,26,Capacitor,604,samsung,834,238,0.0,73.1,1,1,0
2025-09-17,25,Capacitor,1008,murata,222,162,0.0,17.42,1,1,0
2025-09-17,24,Capacitor,1008,samsung,3881,165,0.0,311.35,0,1,0
2025-09-17,23,Capacitor,402,samsung,1191,145,0.0,149.77,1,1,0
2025-09-17,22,Capacitor,604,murata,1528,184,0.0,83.75,1,1,0
2025-09-17,21,Capacitor,604,murata,279,191,0.0,24.59,1,1,0
2025-09-17,20,Capacitor,402,samsung,252,362,0.0,10.47,1,1,0
2025-09-17,19,Capacitor,1008,samsung,3738,132,0.0,307.09,0,1,0
2025-09-17,35,Capacitor,604,samsung,1921,128,0.0,351.78,0,1,0
2025-09-17,147,저항,603,samsung,180,0,0.0,18000000.0,0,0,0
2025-09-17,72,Inductor,604,samsung,2733,59,0.0,766.13,0,0,0
2025-09-17,75,Inductor,402,samsung,109,0,0.0,10900000.0,0,0,0
2025-09-17,126,Resistor,604,murata,3431,460,0.0,98.2,1,1,0
2025-09-17,125,Resistor,402,murata,660,301,0.0,31.73,1,1,0
2025-09-17,124,Resistor,604,samsung,1185,304,0.0,64.35,1,1,0
2025-09-17,123,Resistor,604,samsung,2600,526,0.0,72.04,1,1,0
2025-09-17,122,Resistor,402,samsung,481,386,0.0,15.19,1,1,0
2025-09-17,121,RF Front-End / PA,2015,murata,1762,439,0.0,67.65,1,1,0
2025-09-17,127,Resistor,604,samsung,2101,517,0.0,50.14,1,1,0
2025-09-17,120,RF Front-End / PA,2015,samsung,2257,402,0.0,86.86,1,1,0
2025-09-17,118,RF Front-End / PA,2520,murata,3542,235,0.0,301.61,0,1,0
2025-09-17,117,RF Filter / Module,2015,samsung,585,1851,0.0,3.95,1,1,0
2025-09-17,116,RF Filter / Duplexer,2520,murata,1190,145,0.0,149.35,1,1,0
2025-09-17,115,RF Filter / Duplexer,2015,samsung,3716,150,0.0,275.75,0,1,0
2025-09-17,114,RF Filter / Duplexer,2015,samsung,3268,329,0.0,143.27,1,1,0
2025-09-17,113,RF Filter / Duplexer,2015,murata,1882,262,0.0,128.47,1,1,0
2025-09-17,119,RF Front-End / PA,2520,murata,1790,398,0.0,58.55,1,1,0
2025-09-17,128,Resistor,1008,murata,3411,367,0.0,161.05,1,1,0
2025-09-17,129,Resistor,402,samsung,1232,793,0.0,19.86,1,1,0
2025-09-17,130,Resistor,402,samsung,2865,598,0.0,80.79,1,1,0
2025-09-17,145,Resistor,604,murata,1639,580,0.0,29.16,1,1,0
2025-09-17,144,Resistor,604,murata,159,467,0.0,3.74,1,1,0
2025-09-17,143,Resistor,1008,murata,4343,320,0.0,284.01,0,1,0
2025-09-17,142,Resistor,1008,murata,3185,496,0.0,86.95,1,1,0
2025-09-17,141,Resistor,1008,murata,2833,508,0.0,89.68,1,1,0
2025-09-17,140,Resistor,604,murata,281,414,0.0,12.08,1,1,0
2025-09-17,139,Resistor,402,murata,2043,328,0.0,108.29,1,1,0
2025-09-17,138,Resistor,402,samsung,2711,538,0.0,79.95,1,1,0
2025-09-17,137,Resistor,402,murata,2638,275,0.0,127.11,1,1,0
2025-09-17,136,Resistor,402,murata,3716,565,0.0,81.88,1,1,0
2025-09-17,135,Resistor,1008,samsung,3497,574,0.0,72.0,1,1,0
2025-09-17,134,Resistor,1008,samsung,2979,453,0.0,119.32,1,1,0
2025-09-17,133,Resistor,1008,murata,3534,442,0.0,107.47,1,1,0
2025-09-17,132,Resistor,402,murata,3195,381,0.0,157.53,1,1,0
2025-09-17,131,Resistor,402,murata,3586,631,0.0,85.79,1,1,0
2025-09-17,112,RF Filter / Duplexer,2520,samsung,1010,170,0.0,138.6,1,1,0
2025-09-17,73,Inductor,604,murata,3234,35,0.0,1741.82,0,0,0
2025-09-17,111,RF Filter / Duplexer,2015,murata,2479,78,0.0,524.74,0,0,0
2025-09-17,109,RF Filter / Duplexer,2015,samsung,444,142,0.0,43.95,1,1,0
2025-09-17,89,Inductor,604,murata,1541,58,0.0,215.51,0,1,0
2025-09-17,88,Inductor,402,murata,3913,181,0.0,345.73,0,1,0
2025-09-17,87,Inductor,402,murata,3015,64,0.0,1108.9,0,0,0
2025-09-17,86,Inductor,604,samsung,106,0,0.0,10600000.0,0,0,0
2025-09-17,85,Inductor,604,samsung,3010,64,0.0,1108.19,0,0,0
2025-09-17,84,Inductor,402,samsung,254,107,0.0,22.35,1,1,0
2025-09-17,90,Inductor,1008,murata,3201,35,0.0,1721.6,0,0,0
2025-09-17,83,Inductor,604,samsung,3047,64,0.0,1122.76,0,0,0
2025-09-17,81,Inductor,604,murata,106,0,0.0,10600000.0,0,0,0
2025-09-17,80,Inductor,402,samsung,3731,58,0.0,2176.62,0,0,0
2025-09-17,79,Inductor,402,murata,3007,64,0.0,1108.13,0,0,0
2025-09-17,78,Inductor,1008,murata,3195,35,0.0,1720.08,0,0,0
2025-09-17,77,Inductor,402,samsung,2283,81,0.0,455.06,0,0,0
2025-09-17,76,Inductor,604,murata,3196,35,0.0,1720.13,0,0,0
2025-09-17,82,Inductor,604,samsung,3013,64,0.0,1108.73,0,0,0
2025-09-17,91,Inductor,402,murata,3914,29,0.0,4566.78,0,0,0
2025-09-17,92,Inductor,1008,samsung,2261,72,0.0,367.3,0,1,0
2025-09-17,93,Inductor,1008,murata,2967,64,0.0,1091.97,0,0,0
2025-09-17,108,RF Filter / Duplexer,2520,samsung,3879,354,0.0,168.89,1,1,0
2025-09-17,107,PMIC / Power IC,2015,murata,749,371,0.0,23.76,1,1,0
2025-09-17,106,PMIC / Power IC,2520,murata,3859,177,0.0,384.66,0,1,0
2025-09-17,105,PMIC / Power IC,2015,murata,3703,428,0.0,163.09,1,1,0
2025-09-17,104,PMIC / Power IC,2520,samsung,1540,267,0.0,87.14,1,1,0
2025-09-17,103,PMIC / Power IC,2015,murata,979,439,0.0,30.21,1,1,0
2025-09-17,102,PMIC / Power IC,2520,murata,4426,331,0.0,226.75,0,1,0
2025-09-17,101,PMIC / Power IC,2520,murata,1165,603,0.0,30.1,1,1,0
2025-09-17,100,PMIC / Power IC,2520,murata,185,452,0.0,4.75,1,1,0
2025-09-17,99,Misc IC / Unknown,2015,murata,3551,827,0.0,61.99,1,1,0
2025-09-17,98,Misc IC / Unknown,2015,murata,1348,749,0.0,27.18,1,1,0
2025-09-17,97,Misc IC / Unknown,2015,samsung,611,686,0.0,14.0,1,1,0
2025-09-17,96,Inductor,604,murata,1941,55,0.0,394.9,0,1,0
2025-09-17,95,Inductor,604,murata,1002,110,0.0,115.25,1,1,0
2025-09-17,94,Inductor,402,samsung,3920,29,0.0,4572.09,0,0,0
2025-09-17,110,RF Filter / Duplexer,2520,murata,3018,221,0.0,221.37,0,1,0
2025-09-17,148,저항,603,samsung,180,0,0.0,18000000.0,0,0,0
2025-09-27,74,Inductor,402,samsung,4246,14,0.0,4986.62,0,0,0
2025-09-27,146,Resistor,1008,samsung,1222,297,0.0,26.66,1,1,0
2025-09-27,51,Ferrite Bead,604,murata,3911,50,0.0,390.12,0,1,0
2025-09-27,50,Diode,604,murata,324,463,0.0,3.3,1,1,0
2025-09-27,49,Diode,604,murata,3550,733,0.0,37.6,1,1,0
2025-09-27,48,Capacitor,1008,samsung,633,113,0.0,31.09,1,1,0
2025-09-27,47,Capacitor,604,samsung,2251,177,0.0,85.2,1,1,0
2025-09-27,46,Capacitor,402,samsung,3506,132,0.0,94.99,1,1,0
2025-09-27,52,Ferrite Bead,402,samsung,3348,117,0.0,220.19,0,1,0
2025-09-27,45,Capacitor,402,samsung,2069,77,0.0,117.55,1,1,0
2025-09-27,43,Capacitor,1008,samsung,3734,86,0.0,342.99,0,1,0
2025-09-27,42,Capacitor,402,samsung,2658,118,0.0,208.05,0,1,0
2025-09-27,41,Capacitor,402,murata,819,63,0.0,85.74,1,1,0
2025-09-27,40,Capacitor,1008,murata,3742,153,0.0,182.26,1,1,0
2025-09-27,39,Capacitor,1008,samsung,3722,80,0.0,291.95,0,1,0
2025-09-27,38,Capacitor,604,murata,1955,100,0.0,120.65,1,1,0
2025-09-27,44,Capacitor,604,murata,3188,69,0.0,252.43,0,1,0
2025-09-27,53,Ferrite Bead,402,murata,1373,78,0.0,82.89,1,1,0
2025-09-27,54,Ferrite Bead,604,murata,1544,40,0.0,215.73,1,1,0
2025-09-27,55,Ferrite Bead,402,murata,1549,62,0.0,216.01,1,1,0
2025-09-27,70,Inductor,402,samsung,95,61,0.0,8.07,1,1,0
2025-09-27,69,Inductor,1008,murata,103,0,0.0,10311666.67,0,0,0
2025-09-27,68,Inductor,402,murata,108,0,0.0,10800000.0,0,0,0
2025-09-27,67,Inductor,1008,samsung,3917,14,0.0,4568.31,0,0,0
2025-09-27,66,Inductor,1008,samsung,2817,80,0.0,220.78,0,1,0
2025-09-27,65,Inductor,1008,samsung,109,0,0.0,10900000.0,0,0,0
2025-09-27,64,Inductor,402,samsung,3188,37,0.0,1013.2,0,0,0
2025-09-27,63,Inductor,402,murata,3653,52,0.0,363.08,0,1,0
2025-09-27,62,Inductor,1008,samsung,2498,37,0.0,371.56,0,0,0
2025-09-27,61,Inductor,1008,samsung,2103,60,0.0,470.28,0,1,0
2025-09-27,60,Inductor,1008,samsung,2430,14,0.0,548.38,0,0,0
2025-09-27,59,Inductor,1008,murata,3340,42,0.0,933.8,0,0,0
2025-09-27,58,Inductor,604,samsung,105,0,0.0,10500000.0,0,0,0
2025-09-27,57,Inductor,402,murata,3190,37,0.0,1013.45,0,0,0
2025-09-27,56,Ferrite Bead,604,samsung,3834,109,0.0,398.02,0,0,0
2025-09-27,37,Capacitor,604,murata,2127,89,0.0,86.26,1,1,0
2025-09-27,71,Inductor,1008,samsung,104,0,0.0,10409333.33,0,0,0
2025-09-27,36,Capacitor,604,samsung,2077,56,0.0,295.86,0,1,0
2025-09-27,34,Capacitor,1008,samsung,980,17,0.0,100.08,1,1,0
2025-09-27,14,Capacitor,604,murata,960,120,0.0,29.94,1,1,0
2025-09-27,13,Capacitor,1008,samsung,3000,66,0.0,199.27,0,1,0
2025-09-27,12,Capacitor,402,samsung,2439,131,0.0,152.57,1,1,0
2025-09-27,11,Capacitor,1008,murata,2479,225,0.0,101.58,1,1,0
2025-09-27,10,Capacitor,1008,samsung,2278,88,0.0,156.5,1,1,0
2025-09-27,9,Capacitor,402,murata,632,94,0.0,68.34,1,1,0
2025-09-27,15,Capacitor,604,samsung,1558,60,0.0,132.14,1,1,0
2025-09-27,8,Capacitor,1008,samsung,249,44,0.0,14.9,1,1,0
2025-09-27,6,Capacitor,402,samsung,2832,187,0.0,126.08,1,1,0
2025-09-27,5,Capacitor,402,samsung,830,174,0.0,42.63,1,1,0
2025-09-27,4,Capacitor,402,samsung,2892,131,0.0,218.48,0,1,0
2025-09-27,3,Capacitor,1008,samsung,2301,159,0.0,154.14,1,1,0
2025-09-27,2,Capacitor,1008,murata,94,61,0.0,8.01,1,1,0
2025-09-27,1,Capacitor,604,murata,1450,145,0.0,116.58,1,1,0
2025-09-27,7,Capacitor,1008,murata,1759,131,0.0,65.79,1,1,0
2025-09-27,16,Capacitor,604,samsung,443,149,0.0,20.99,1,1,0
2025-09-27,17,Capacitor,1008,murata,1568,68,0.0,246.73,1,1,0
2025-09-27,18,Capacitor,604,murata,1572,129,0.0,68.23,1,1,0
2025-09-27,33,Capacitor,1008,murata,3746,96,0.0,373.48,0,1,0
2025-09-27,32,Capacitor,402,samsung,2998,164,0.0,122.94,1,1,0
2025-09-27,31,Capacitor,1008,samsung,844,100,0.0,45.52,1,1,0
2025-09-27,30,Capacitor,1008,samsung,3263,290,0.0,96.38,1,1,0
2025-09-27,29,Capacitor,1008,samsung,2125,102,0.0,164.32,1,1,0
2025-09-27,28,Capacitor,1008,samsung,1703,226,0.0,61.7,1,1,0
2025-09-27,27,Capacitor,1008,samsung,237,211,0.0,8.71,1,1,0
2025-09-27,26,Capacitor,604,samsung,834,115,0.0,73.11,1,1,0
2025-09-27,25,Capacitor,1008,murata,222,65,0.0,17.4,1,1,0
2025-09-27,24,Capacitor,1008,samsung,3881,43,0.0,311.34,0,1,0
2025-09-27,23,Capacitor,402,samsung,1191,75,0.0,149.81,1,1,0
2025-09-27,22,Capacitor,604,murata,1528,124,0.0,83.73,1,1,0
2025-09-27,21,Capacitor,604,murata,279,112,0.0,24.62,1,1,0
2025-09-27,20,Capacitor,402,samsung,252,186,0.0,10.48,1,1,0
2025-09-27,19,Capacitor,1008,samsung,3738,95,0.0,307.1,0,1,0
2025-09-27,35,Capacitor,604,samsung,1921,52,0.0,351.96,0,1,0
2025-09-27,147,저항,603,samsung,180,0,0.0,18000000.0,0,0,0
2025-09-27,72,Inductor,604,samsung,2733,42,0.0,765.85,0,0,0
2025-09-27,75,Inductor,402,samsung,109,0,0.0,10900000.0,0,0,0
2025-09-27,126,Resistor,604,murata,3431,230,0.0,98.22,1,1,0
2025-09-27,125,Resistor,402,murata,660,146,0.0,31.75,1,1,0
2025-09-27,124,Resistor,604,samsung,1185,180,0.0,64.37,1,1,0
2025-09-27,123,Resistor,604,samsung,2600,247,0.0,71.86,1,1,0
2025-09-27,122,Resistor,402,samsung,481,146,0.0,15.18,1,1,0
2025-09-27,121,RF Front-End / PA,2015,murata,1762,217,0.0,67.61,1,1,0
2025-09-27,127,Resistor,604,samsung,2101,217,0.0,50.15,1,1,0
2025-09-27,120,RF Front-End / PA,2015,samsung,2257,161,0.0,86.85,1,1,0
2025-09-27,118,RF Front-End / PA,2520,murata,3542,122,0.0,301.56,0,1,0
2025-09-27,117,RF Filter / Module,2015,samsung,585,810,0.0,3.97,1,1,0
2025-09-27,116,RF Filter / Duplexer,2520,murata,1190,75,0.0,149.4,1,1,0
2025-09-27,115,RF Filter / Duplexer,2015,samsung,3716,74,0.0,275.74,0,1,0
2025-09-27,114,RF Filter / Duplexer,2015,samsung,3268,148,0.0,143.23,1,1,0
2025-09-27,113,RF Filter / Duplexer,2015,murata,1882,88,0.0,128.42,1,1,0
2025-09-27,119,RF Front-End / PA,2520,murata,1790,146,0.0,58.52,1,1,0
2025-09-27,128,Resistor,1008,murata,3411,213,0.0,161.06,1,1,0
2025-09-27,129,Resistor,402,samsung,1232,305,0.0,19.87,1,1,0
2025-09-27,130,Resistor,402,samsung,2865,242,0.0,80.67,1,1,0
2025-09-27,145,Resistor,604,murata,1639,258,0.0,29.17,1,1,0
2025-09-27,144,Resistor,604,murata,159,156,0.0,3.73,1,1,0
2025-09-27,143,Resistor,1008,murata,4343,188,0.0,284.35,0,1,0
2025-09-27,142,Resistor,1008,murata,3185,233,0.0,86.97,1,1,0
2025-09-27,141,Resistor,1008,murata,2833,275,0.0,89.67,1,1,0
2025-09-27,140,Resistor,604,murata,281,257,0.0,12.1,1,1,0
2025-09-27,139,Resistor,402,murata,2043,179,0.0,108.2,1,1,0
2025-09-27,138,Resistor,402,samsung,2711,264,0.0,79.97,1,1,0
2025-09-27,137,Resistor,402,murata,2638,114,0.0,127.19,1,1,0
2025-09-27,136,Resistor,402,murata,3716,330,0.0,82.04,1,1,0
2025-09-27,135,Resistor,1008,samsung,3497,322,0.0,71.99,1,1,0
2025-09-27,134,Resistor,1008,samsung,2979,181,0.0,119.31,1,1,0
2025-09-27,133,Resistor,1008,murata,3534,229,0.0,107.47,1,1,0
2025-09-27,132,Resistor,402,murata,3195,168,0.0,157.5,1,1,0
2025-09-27,131,Resistor,402,murata,3586,234,0.0,85.67,1,1,0
2025-09-27,112,RF Filter / Duplexer,2520,samsung,1010,86,0.0,137.94,1,1,0
2025-09-27,73,Inductor,604,murata,3234,12,0.0,1742.15,0,0,0
2025-09-27,111,RF Filter / Duplexer,2015,murata,2479,29,0.0,524.74,0,0,0
2025-09-27,109,RF Filter / Duplexer,2015,samsung,444,41,0.0,43.98,1,1,0
2025-09-27,89,Inductor,604,murata,1541,0,0.0,215.6,0,1,0
2025-09-27,88,Inductor,402,murata,3913,97,0.0,345.8,0,1,0
2025-09-27,87,Inductor,402,murata,3015,26,0.0,1108.96,0,0,0
2025-09-27,86,Inductor,604,samsung,106,0,0.0,10600000.0,0,0,0
2025-09-27,85,Inductor,604,samsung,3010,26,0.0,1108.24,0,0,0
2025-09-27,84,Inductor,402,samsung,254,15,0.0,22.41,1,1,0
2025-09-27,90,Inductor,1008,murata,3201,12,0.0,1721.68,0,0,0
2025-09-27,83,Inductor,604,samsung,3047,26,0.0,1122.72,0,0,0
2025-09-27,81,Inductor,604,murata,106,0,0.0,10600000.0,0,0,0
2025-09-27,80,Inductor,402,samsung,3731,28,0.0,2176.7,0,0,0
2025-09-27,79,Inductor,402,murata,3007,26,0.0,1108.17,0,0,0
2025-09-27,78,Inductor,1008,murata,3195,12,0.0,1720.16,0,0,0
2025-09-27,77,Inductor,402,samsung,2283,49,0.0,455.15,0,0,0
2025-09-27,76,Inductor,604,murata,3196,12,0.0,1720.21,0,0,0
2025-09-27,82,Inductor,604,samsung,3013,26,0.0,1108.78,0,0,0
2025-09-27,91,Inductor,402,murata,3914,14,0.0,4567.12,0,0,0
2025-09-27,92,Inductor,1008,samsung,2261,17,0.0,367.29,0,0,0
2025-09-27,93,Inductor,1008,murata,2967,26,0.0,1092.75,0,0,0
2025-09-27,108,RF Filter / Duplexer,2520,samsung,3879,129,0.0,168.79,1,1,0
2025-09-27,107,PMIC / Power IC,2015,murata,749,82,0.0,23.75,1,1,0
2025-09-27,106,PMIC / Power IC,2520,murata,3859,94,0.0,384.44,0,1,0
2025-09-27,105,PMIC / Power IC,2015,murata,3703,264,0.0,163.15,1,1,0
2025-09-27,104,PMIC / Power IC,2520,samsung,1540,101,0.0,87.05,1,1,0
2025-09-27,103,PMIC / Power IC,2015,murata,979,213,0.0,30.19,1,1,0
2025-09-27,102,PMIC / Power IC,2520,murata,4426,145,0.0,226.67,0,1,0
2025-09-27,101,PMIC / Power IC,2520,murata,1165,277,0.0,30.1,1,1,0
2025-09-27,100,PMIC / Power IC,2520,murata,185,201,0.0,4.75,1,1,0
2025-09-27,99,Misc IC / Unknown,2015,murata,3551,348,0.0,61.96,1,1,0
2025-09-27,98,Misc IC / Unknown,2015,murata,1348,290,0.0,27.14,1,1,0
2025-09-27,97,Misc IC / Unknown,2015,samsung,611,352,0.0,13.99,1,1,0
2025-09-27,96,Inductor,604,murata,1941,13,0.0,393.89,0,1,0
2025-09-27,95,Inductor,604,murata,1002,49,0.0,115.1,1,1,0
2025-09-27,94,Inductor,402,samsung,3920,14,0.0,4572.0,0,0,0
2025-09-27,110,RF Filter / Duplexer,2520,murata,3018,140,0.0,221.39,0,1,0
2025-09-27,148,저항,603,samsung,180,0,0.0,18000000.0,0,0,0
2025-10-07,74,Inductor,402,samsung,4246,49,0.0,4969.9,0,0,0
2025-10-07,146,Resistor,1008,samsung,1222,506,0.0,26.63,1,1,0
2025-10-07,51,Ferrite Bead,604,murata,3911,164,0.0,390.3,0,1,0
2025-10-07,50,Diode,604,murata,324,1110,0.0,3.31,1,1,0
2025-10-07,49,Diode,604,murata,3550,1472,0.0,37.56,1,1,0
2025-10-07,48,Capacitor,1008,samsung,633,296,0.0,31.04,1,1,0
2025-10-07,47,Capacitor,604,samsung,2251,286,0.0,85.23,1,1,0
2025-10-07,46,Capacitor,402,samsung,3506,352,0.0,94.87,1,1,0
2025-10-07,52,Ferrite Bead,402,samsung,3348,163,0.0,220.13,0,1,0
2025-10-07,45,Capacitor,402,samsung,2069,261,0.0,117.55,1,1,0
2025-10-07,43,Capacitor,1008,samsung,3734,222,0.0,343.05,0,1,0
2025-10-07,42,Capacitor,402,samsung,2658,264,0.0,208.04,0,1,0
2025-10-07,41,Capacitor,402,murata,819,132,0.0,85.65,1,1,0
2025-10-07,40,Capacitor,1008,murata,3742,298,0.0,182.23,1,1,0
2025-10-07,39,Capacitor,1008,samsung,3722,205,0.0,292.02,0,1,0
2025-10-07,38,Capacitor,604,murata,1955,126,0.0,120.44,1,1,0
2025-10-07,44,Capacitor,604,murata,3188,120,0.0,252.58,0,1,0
2025-10-07,53,Ferrite Bead,402,murata,1373,221,0.0,82.91,1,1,0
2025-10-07,54,Ferrite Bead,604,murata,1544,163,0.0,215.91,1,1,0
2025-10-07,55,Ferrite Bead,402,murata,1549,172,0.0,216.27,1,1,0
2025-10-07,70,Inductor,402,samsung,95,108,0.0,8.11,1,1,0
2025-10-07,69,Inductor,1008,murata,103,0,0.0,10311666.67,0,0,0
2025-10-07,68,Inductor,402,murata,108,0,0.0,10800000.0,0,0,0
2025-10-07,67,Inductor,1008,samsung,3917,49,0.0,4568.22,0,0,0
2025-10-07,66,Inductor,1008,samsung,2817,173,0.0,220.8,0,1,0
2025-10-07,65,Inductor,1008,samsung,109,0,0.0,10900000.0,0,0,0
2025-10-07,64,Inductor,402,samsung,3188,18,0.0,1013.29,0,0,0
2025-10-07,63,Inductor,402,murata,3653,107,0.0,363.06,0,1,0
2025-10-07,62,Inductor,1008,samsung,2498,58,0.0,371.63,0,1,0
2025-10-07,61,Inductor,1008,samsung,2103,108,0.0,460.38,0,1,0
2025-10-07,60,Inductor,1008,samsung,2430,89,0.0,548.1,0,0,0
2025-10-07,59,Inductor,1008,murata,3340,66,0.0,933.82,0,0,0
2025-10-07,58,Inductor,604,samsung,105,0,0.0,10500000.0,0,0,0
2025-10-07,57,Inductor,402,murata,3190,18,0.0,1013.54,0,0,0
2025-10-07,56,Ferrite Bead,604,samsung,3834,151,0.0,398.1,0,0,0
2025-10-07,37,Capacitor,604,murata,2127,283,0.0,86.26,1,1,0
2025-10-07,71,Inductor,1008,samsung,104,0,0.0,10409333.33,0,0,0
2025-10-07,36,Capacitor,604,samsung,2077,236,0.0,295.96,0,1,0
2025-10-07,34,Capacitor,1008,samsung,980,93,0.0,100.12,1,1,0
2025-10-07,14,Capacitor,604,murata,960,347,0.0,29.93,1,1,0
2025-10-07,13,Capacitor,1008,samsung,3000,216,0.0,199.18,0,1,0
2025-10-07,12,Capacitor,402,samsung,2439,135,0.0,152.55,1,1,0
2025-10-07,11,Capacitor,1008,murata,2479,270,0.0,101.56,1,1,0
2025-10-07,10,Capacitor,1008,samsung,2278,205,0.0,156.49,1,1,0
2025-10-07,9,Capacitor,402,murata,632,77,0.0,68.2,1,1,0
2025-10-07,15,Capacitor,604,samsung,1558,188,0.0,132.19,1,1,0
2025-10-07,8,Capacitor,1008,samsung,249,187,0.0,14.87,1,1,0
2025-10-07,6,Capacitor,402,samsung,2832,332,0.0,126.07,1,1,0
2025-10-07,5,Capacitor,402,samsung,830,226,0.0,42.6,1,1,0
2025-10-07,4,Capacitor,402,samsung,2892,200,0.0,218.39,0,1,0
2025-10-07,3,Capacitor,1008,samsung,2301,249,0.0,154.12,1,1,0
2025-10-07,2,Capacitor,1008,murata,94,108,0.0,8.06,1,1,0
2025-10-07,1,Capacitor,604,murata,1450,246,0.0,116.73,1,1,0
2025-10-07,7,Capacitor,1008,murata,1759,328,0.0,65.8,1,1,0
2025-10-07,16,Capacitor,604,samsung,443,354,0.0,20.98,1,1,0
2025-10-07,17,Capacitor,1008,murata,1568,140,0.0,247.31,1,1,0
2025-10-07,18,Capacitor,604,murata,1572,149,0.0,68.19,1,1,0
2025-10-07,33,Capacitor,1008,murata,3746,125,0.0,373.69,0,1,0
2025-10-07,32,Capacitor,402,samsung,2998,423,0.0,122.94,1,1,0
2025-10-07,31,Capacitor,1008,samsung,844,227,0.0,45.53,1,1,0
2025-10-07,30,Capacitor,1008,samsung,3263,526,0.0,96.41,1,1,0
2025-10-07,29,Capacitor,1008,samsung,2125,191,0.0,164.32,1,1,0
2025-10-07,28,Capacitor,1008,samsung,1703,526,0.0,61.67,1,1,0
2025-10-07,27,Capacitor,1008,samsung,237,221,0.0,8.69,1,1,0
2025-10-07,26,Capacitor,604,samsung,834,240,0.0,73.13,1,1,0
2025-10-07,25,Capacitor,1008,murata,222,196,0.0,17.42,1,1,0
2025-10-07,24,Capacitor,1008,samsung,3881,167,0.0,311.34,0,1,0
2025-10-07,23,Capacitor,402,samsung,1191,117,0.0,149.71,1,1,0
2025-10-07,22,Capacitor,604,murata,1528,198,0.0,83.75,1,1,0
2025-10-07,21,Capacitor,604,murata,279,135,0.0,24.63,1,1,0
2025-10-07,20,Capacitor,402,samsung,252,369,0.0,10.44,1,1,0
2025-10-07,19,Capacitor,1008,samsung,3738,78,0.0,307.11,0,1,0
2025-10-07,35,Capacitor,604,samsung,1921,148,0.0,351.8,0,1,0
2025-10-07,147,저항,603,samsung,180,0,0.0,18000000.0,0,0,0
2025-10-07,72,Inductor,604,samsung,2733,66,0.0,766.24,0,0,0
2025-10-07,75,Inductor,402,samsung,109,0,0.0,10900000.0,0,0,0
2025-10-07,126,Resistor,604,murata,3431,363,0.0,98.22,1,1,0
2025-10-07,125,Resistor,402,murata,660,229,0.0,31.72,1,1,0
2025-10-07,124,Resistor,604,samsung,1185,243,0.0,64.36,1,1,0
2025-10-07,123,Resistor,604,samsung,2600,536,0.0,72.05,1,1,0
2025-10-07,122,Resistor,402,samsung,481,317,0.0,15.17,1,1,0
2025-10-07,121,RF Front-End / PA,2015,murata,1762,370,0.0,67.66,1,1,0
2025-10-07,127,Resistor,604,samsung,2101,530,0.0,50.13,1,1,0
2025-10-07,120,RF Front-End / PA,2015,samsung,2257,419,0.0,86.81,1,1,0
2025-10-07,118,RF Front-End / PA,2520,murata,3542,280,0.0,301.61,0,1,0
2025-10-07,117,RF Filter / Module,2015,samsung,585,1813,0.0,3.97,1,1,0
2025-10-07,116,RF Filter / Duplexer,2520,murata,1190,117,0.0,149.31,1,1,0
2025-10-07,115,RF Filter / Duplexer,2015,samsung,3716,116,0.0,275.73,0,1,0
2025-10-07,114,RF Filter / Duplexer,2015,samsung,3268,353,0.0,143.22,1,1,0
2025-10-07,113,RF Filter / Duplexer,2015,murata,1882,263,0.0,128.43,1,1,0
2025-10-07,119,RF Front-End / PA,2520,murata,1790,381,0.0,58.58,1,1,0
2025-10-07,128,Resistor,1008,murata,3411,400,0.0,161.11,1,1,0
2025-10-07,129,Resistor,402,samsung,1232,595,0.0,19.88,1,1,0
2025-10-07,130,Resistor,402,samsung,2865,625,0.0,80.86,1,1,0
2025-10-07,145,Resistor,604,murata,1639,566,0.0,29.19,1,1,0
2025-10-07,144,Resistor,604,murata,159,543,0.0,3.75,1,1,0
2025-10-07,143,Resistor,1008,murata,4343,316,0.0,284.29,0,1,0
2025-10-07,142,Resistor,1008,murata,3185,582,0.0,86.94,1,1,0
2025-10-07,141,Resistor,1008,murata,2833,454,0.0,89.66,1,1,0
2025-10-07,140,Resistor,604,murata,281,344,0.0,12.07,1,1,0
2025-10-07,139,Resistor,402,murata,2043,295,0.0,108.29,1,1,0
2025-10-07,138,Resistor,402,samsung,2711,481,0.0,79.97,1,1,0
2025-10-07,137,Resistor,402,murata,2638,255,0.0,127.12,1,1,0
2025-10-07,136,Resistor,402,murata,3716,483,0.0,81.89,1,1,0
2025-10-07,135,Resistor,1008,samsung,3497,511,0.0,72.06,1,1,0
2025-10-07,134,Resistor,1008,samsung,2979,517,0.0,119.33,1,1,0
2025-10-07,133,Resistor,1008,murata,3534,334,0.0,107.44,1,1,0
2025-10-07,132,Resistor,402,murata,3195,356,0.0,157.51,1,1,0
2025-10-07,131,Resistor,402,murata,3586,684,0.0,85.88,1,1,0
2025-10-07,112,RF Filter / Duplexer,2520,samsung,1010,182,0.0,138.59,1,1,0
2025-10-07,73,Inductor,604,murata,3234,25,0.0,1741.69,0,0,0
2025-10-07,111,RF Filter / Duplexer,2015,murata,2479,118,0.0,524.73,0,0,0
2025-10-07,109,RF Filter / Duplexer,2015,samsung,444,103,0.0,43.97,1,1,0
2025-10-07,89,Inductor,604,murata,1541,80,0.0,215.76,0,1,0
2025-10-07,88,Inductor,402,murata,3913,166,0.0,345.74,0,1,0
2025-10-07,87,Inductor,402,murata,3015,74,0.0,1108.88,0,0,0
2025-10-07,86,Inductor,604,samsung,106,0,0.0,10600000.0,0,0,0
2025-10-07,85,Inductor,604,samsung,3010,74,0.0,1108.16,0,0,0
2025-10-07,84,Inductor,402,samsung,254,69,0.0,22.34,1,1,0
2025-10-07,90,Inductor,1008,murata,3201,25,0.0,1721.6,0,0,0
2025-10-07,83,Inductor,604,samsung,3047,74,0.0,1122.76,0,0,0
2025-10-07,81,Inductor,604,murata,106,0,0.0,10600000.0,0,0,0
2025-10-07,80,Inductor,402,samsung,3731,98,0.0,2176.64,0,0,0
2025-10-07,79,Inductor,402,murata,3007,74,0.0,1108.1,0,0,0
2025-10-07,78,Inductor,1008,murata,3195,25,0.0,1720.08,0,0,0
2025-10-07,77,Inductor,402,samsung,2283,43,0.0,455.07,0,0,0
2025-10-07,76,Inductor,604,murata,3196,25,0.0,1720.13,0,0,0
2025-10-07,82,Inductor,604,samsung,3013,74,0.0,1108.7,0,0,0
2025-10-07,91,Inductor,402,murata,3914,49,0.0,4566.77,0,0,0
2025-10-07,92,Inductor,1008,samsung,2261,53,0.0,367.2,0,1,0
2025-10-07,93,Inductor,1008,murata,2967,74,0.0,1091.88,0,0,0
2025-10-07,108,RF Filter / Duplexer,2520,samsung,3879,409,0.0,168.89,1,1,0
2025-10-07,107,PMIC / Power IC,2015,murata,749,326,0.0,23.75,1,1,0
2025-10-07,106,PMIC / Power IC,2520,murata,3859,182,0.0,384.69,0,1,0
2025-10-07,105,PMIC / Power IC,2015,murata,3703,453,0.0,163.13,1,1,0
2025-10-07,104,PMIC / Power IC,2520,samsung,1540,271,0.0,87.17,1,1,0
2025-10-07,103,PMIC / Power IC,2015,murata,979,400,0.0,30.21,1,1,0
2025-10-07,102,PMIC / Power IC,2520,murata,4426,326,0.0,227.13,0,1,0
2025-10-07,101,PMIC / Power IC,2520,murata,1165,558,0.0,30.1,1,1,0
2025-10-07,100,PMIC / Power IC,2520,murata,185,421,0.0,4.76,1,1,0
2025-10-07,99,Misc IC / Unknown,2015,murata,3551,782,0.0,62.02,1,1,0
2025-10-07,98,Misc IC / Unknown,2015,murata,1348,664,0.0,27.24,1,1,0
2025-10-07,97,Misc IC / Unknown,2015,samsung,611,742,0.0,14.03,1,1,0
2025-10-07,96,Inductor,604,murata,1941,45,0.0,394.98,0,1,0
2025-10-07,95,Inductor,604,murata,1002,83,0.0,115.26,1,1,0
2025-10-07,94,Inductor,402,samsung,3920,49,0.0,4572.1,0,0,0
2025-10-07,110,RF Filter / Duplexer,2520,murata,3018,152,0.0,221.4,0,1,0
2025-10-07,148,저항,603,samsung,180,0,0.0,18000000.0,0,0,0
2025-10-17,74,Inductor,402,samsung,4246,40,0.0,4970.7,0,0,0
2025-10-17,146,Resistor,1008,samsung,1222,398,0.0,26.62,1,1,0
2025-10-17,51,Ferrite Bead,604,murata,3911,135,0.0,390.12,0,1,0
2025-10-17,50,Diode,604,murata,324,915,0.0,3.3,1,1,0
2025-10-17,49,Diode,604,murata,3550,1214,0.0,37.58,1,1,0
2025-10-17,48,Capacitor,1008,samsung,633,246,0.0,31.08,1,1,0
2025-10-17,47,Capacitor,604,samsung,2251,234,0.0,85.2,1,1,0
2025-10-17,46,Capacitor,402,samsung,3506,342,0.0,94.94,1,1,0
2025-10-17,52,Ferrite Bead,402,samsung,3348,149,0.0,220.2,0,1,0
2025-10-17,45,Capacitor,402,samsung,2069,227,0.0,117.53,1,1,0
2025-10-17,43,Capacitor,1008,samsung,3734,163,0.0,342.99,0,1,0
2025-10-17,42,Capacitor,402,samsung,2658,222,0.0,208.0,0,1,0
2025-10-17,41,Capacitor,402,murata,819,111,0.0,85.65,1,1,0
2025-10-17,40,Capacitor,1008,murata,3742,253,0.0,182.28,1,1,0
2025-10-17,39,Capacitor,1008,samsung,3722,179,0.0,291.93,0,1,0
2025-10-17,38,Capacitor,604,murata,1955,126,0.0,120.61,1,1,0
2025-10-17,44,Capacitor,604,murata,3188,126,0.0,252.49,0,1,0
2025-10-17,53,Ferrite Bead,402,murata,1373,199,0.0,82.89,1,1,0
2025-10-17,54,Ferrite Bead,604,murata,1544,137,0.0,215.81,1,1,0
2025-10-17,55,Ferrite Bead,402,murata,1549,125,0.0,216.13,1,1,0
2025-10-17,70,Inductor,402,samsung,95,90,0.0,8.07,1,1,0
2025-10-17,69,Inductor,1008,murata,103,0,0.0,10311666.67,0,0,0
2025-10-17,68,Inductor,402,murata,108,0,0.0,10800000.0,0,0,0
2025-10-17,67,Inductor,1008,samsung,3917,40,0.0,4568.43,0,0,0
2025-10-17,66,Inductor,1008,samsung,2817,109,0.0,220.79,0,1,0
2025-10-17,65,Inductor,1008,samsung,109,0,0.0,10900000.0,0,0,0
2025-10-17,64,Inductor,402,samsung,3188,14,0.0,1013.18,0,0,0
2025-10-17,63,Inductor,402,murata,3653,102,0.0,363.08,0,1,0
2025-10-17,62,Inductor,1008,samsung,2498,52,0.0,371.58,0,1,0
2025-10-17,61,Inductor,1008,samsung,2103,66,0.0,461.66,0,1,0
2025-10-17,60,Inductor,1008,samsung,2430,78,0.0,548.03,0,0,0
2025-10-17,59,Inductor,1008,murata,3340,66,0.0,933.81,0,0,0
2025-10-17,58,Inductor,604,samsung,105,0,0.0,10500000.0,0,0,0
2025-10-17,57,Inductor,402,murata,3190,14,0.0,1013.44,0,0,0
2025-10-17,56,Ferrite Bead,604,samsung,3834,99,0.0,398.1,0,0,0
2025-10-17,37,Capacitor,604,murata,2127,252,0.0,86.26,1,1,0
2025-10-17,71,Inductor,1008,samsung,104,0,0.0,10409333.33,0,0,0
2025-10-17,36,Capacitor,604,samsung,2077,198,0.0,295.87,0,1,0
2025-10-17,34,Capacitor,1008,samsung,980,100,0.0,100.04,1,1,0
2025-10-17,14,Capacitor,604,murata,960,332,0.0,29.91,1,1,0
2025-10-17,13,Capacitor,1008,samsung,3000,200,0.0,199.22,0,1,0
2025-10-17,12,Capacitor,402,samsung,2439,82,0.0,152.57,1,1,0
2025-10-17,11,Capacitor,1008,murata,2479,222,0.0,101.54,1,1,0
2025-10-17,10,Capacitor,1008,samsung,2278,168,0.0,156.51,1,1,0
2025-10-17,9,Capacitor,402,murata,632,30,0.0,68.37,1,1,0
2025-10-17,15,Capacitor,604,samsung,1558,142,0.0,132.18,1,1,0
2025-10-17,8,Capacitor,1008,samsung,249,189,0.0,14.93,1,1,0
2025-10-17,6,Capacitor,402,samsung,2832,260,0.0,126.07,1,1,0
2025-10-17,5,Capacitor,402,samsung,830,177,0.0,42.63,1,1,0
2025-10-17,4,Capacitor,402,samsung,2892,125,0.0,218.41,0,1,0
2025-10-17,3,Capacitor,1008,samsung,2301,224,0.0,154.12,1,1,0
2025-10-17,2,Capacitor,1008,murata,94,90,0.0,8.02,1,1,0
2025-10-17,1,Capacitor,604,murata,1450,186,0.0,116.61,1,1,0
2025-10-17,7,Capacitor,1008,murata,1759,313,0.0,65.81,1,1,0
2025-10-17,16,Capacitor,604,samsung,443,274,0.0,20.99,1,1,0
2025-10-17,17,Capacitor,1008,murata,1568,125,0.0,247.12,0,1,0
2025-10-17,18,Capacitor,604,murata,1572,159,0.0,68.22,1,1,0
2025-10-17,33,Capacitor,1008,murata,3746,78,0.0,373.46,0,1,0
2025-10-17,32,Capacitor,402,samsung,2998,344,0.0,122.92,1,1,0
2025-10-17,31,Capacitor,1008,samsung,844,198,0.0,45.58,1,1,0
2025-10-17,30,Capacitor,1008,samsung,3263,446,0.0,96.38,1,1,0
2025-10-17,29,Capacitor,1008,samsung,2125,161,0.0,164.32,1,1,0
2025-10-17,28,Capacitor,1008,samsung,1703,347,0.0,61.71,1,1,0
2025-10-17,27,Capacitor,1008,samsung,237,203,0.0,8.7,1,1,0
2025-10-17,26,Capacitor,604,samsung,834,191,0.0,73.08,1,1,0
2025-10-17,25,Capacitor,1008,murata,222,170,0.0,17.4,1,1,0
2025-10-17,24,Capacitor,1008,samsung,3881,159,0.0,311.35,0,1,0
2025-10-17,23,Capacitor,402,samsung,1191,92,0.0,149.76,1,1,0
2025-10-17,22,Capacitor,604,murata,1528,153,0.0,83.75,1,1,0
2025-10-17,21,Capacitor,604,murata,279,106,0.0,24.62,1,1,0
2025-10-17,20,Capacitor,402,samsung,252,309,0.0,10.48,1,1,0
2025-10-17,19,Capacitor,1008,samsung,3738,84,0.0,307.09,0,1,0
2025-10-17,35,Capacitor,604,samsung,1921,118,0.0,351.98,0,1,0
2025-10-17,147,저항,603,samsung,180,0,0.0,18000000.0,0,0,0
2025-10-17,72,Inductor,604,samsung,2733,66,0.0,766.25,0,0,0
2025-10-17,75,Inductor,402,samsung,109,0,0.0,10900000.0,0,0,0
2025-10-17,126,Resistor,604,murata,3431,312,0.0,98.21,1,1,0
2025-10-17,125,Resistor,402,murata,660,166,0.0,31.73,1,1,0
2025-10-17,124,Resistor,604,samsung,1185,158,0.0,64.33,1,1,0
2025-10-17,123,Resistor,604,samsung,2600,413,0.0,71.94,1,1,0
2025-10-17,122,Resistor,402,samsung,481,316,0.0,15.17,1,1,0
2025-10-17,121,RF Front-End / PA,2015,murata,1762,318,0.0,67.61,1,1,0
2025-10-17,127,Resistor,604,samsung,2101,491,0.0,50.15,1,1,0
2025-10-17,120,RF Front-End / PA,2015,samsung,2257,331,0.0,86.82,1,1,0
2025-10-17,118,RF Front-End / PA,2520,murata,3542,191,0.0,301.6,0,1,0
2025-10-17,117,RF Filter / Module,2015,samsung,585,1493,0.0,3.98,1,1,0
2025-10-17,116,RF Filter / Duplexer,2520,murata,1190,92,0.0,149.35,1,1,0
2025-10-17,115,RF Filter / Duplexer,2015,samsung,3716,104,0.0,275.74,0,1,0
2025-10-17,114,RF Filter / Duplexer,2015,samsung,3268,272,0.0,143.21,1,1,0
2025-10-17,113,RF Filter / Duplexer,2015,murata,1882,213,0.0,128.44,1,1,0
2025-10-17,119,RF Front-End / PA,2520,murata,1790,353,0.0,58.56,1,1,0
2025-10-17,128,Resistor,1008,murata,3411,353,0.0,161.07,1,1,0
2025-10-17,129,Resistor,402,samsung,1232,516,0.0,19.87,1,1,0
2025-10-17,130,Resistor,402,samsung,2865,515,0.0,80.67,1,1,0
2025-10-17,145,Resistor,604,murata,1639,517,0.0,29.18,1,1,0
2025-10-17,144,Resistor,604,murata,159,472,0.0,3.73,1,1,0
2025-10-17,143,Resistor,1008,murata,4343,233,0.0,284.46,0,1,0
2025-10-17,142,Resistor,1008,murata,3185,493,0.0,86.96,1,1,0
2025-10-17,141,Resistor,1008,murata,2833,387,0.0,89.69,1,1,0
2025-10-17,140,Resistor,604,murata,281,233,0.0,12.11,1,1,0
2025-10-17,139,Resistor,402,murata,2043,236,0.0,108.18,1,1,0
2025-10-17,138,Resistor,402,samsung,2711,338,0.0,79.96,1,1,0
2025-10-17,137,Resistor,402,murata,2638,228,0.0,127.19,1,1,0
2025-10-17,136,Resistor,402,murata,3716,439,0.0,81.98,1,1,0
2025-10-17,135,Resistor,1008,samsung,3497,479,0.0,71.99,1,1,0
2025-10-17,134,Resistor,1008,samsung,2979,425,0.0,119.33,1,1,0
2025-10-17,133,Resistor,1008,murata,3534,322,0.0,107.43,1,1,0
2025-10-17,132,Resistor,402,murata,3195,246,0.0,157.51,1,1,0
2025-10-17,131,Resistor,402,murata,3586,595,0.0,85.77,1,1,0
2025-10-17,112,RF Filter / Duplexer,2520,samsung,1010,125,0.0,137.91,1,1,0
2025-10-17,73,Inductor,604,murata,3234,19,0.0,1742.18,0,0,0
2025-10-17,111,RF Filter / Duplexer,2015,murata,2479,110,0.0,524.72,0,0,0
2025-10-17,109,RF Filter / Duplexer,2015,samsung,444,100,0.0,43.96,1,1,0
2025-10-17,89,Inductor,604,murata,1541,76,0.0,215.66,0,1,0
2025-10-17,88,Inductor,402,murata,3913,118,0.0,345.79,0,1,0
2025-10-17,87,Inductor,402,murata,3015,59,0.0,1108.96,0,0,0
2025-10-17,86,Inductor,604,samsung,106,0,0.0,10600000.0,0,0,0
2025-10-17,85,Inductor,604,samsung,3010,59,0.0,1108.24,0,0,0
2025-10-17,84,Inductor,402,samsung,254,79,0.0,22.33,1,1,0
2025-10-17,90,Inductor,1008,murata,3201,19,0.0,1721.69,0,0,0
2025-10-17,83,Inductor,604,samsung,3047,59,0.0,1122.75,0,0,0
2025-10-17,81,Inductor,604,murata,106,0,0.0,10600000.0,0,0,0
2025-10-17,80,Inductor,402,samsung,3731,80,0.0,2176.72,0,0,0
2025-10-17,79,Inductor,402,murata,3007,59,0.0,1108.17,0,0,0
2025-10-17,78,Inductor,1008,murata,3195,19,0.0,1720.17,0,0,0
2025-10-17,77,Inductor,402,samsung,2283,33,0.0,455.06,0,0,0
2025-10-17,76,Inductor,604,murata,3196,19,0.0,1720.21,0,0,0
2025-10-17,82,Inductor,604,samsung,3013,59,0.0,1108.78,0,0,0
2025-10-17,91,Inductor,402,murata,3914,40,0.0,4567.15,0,0,0
2025-10-17,92,Inductor,1008,samsung,2261,62,0.0,367.23,0,1,0
2025-10-17,93,Inductor,1008,murata,2967,59,0.0,1092.69,0,0,0
2025-10-17,108,RF Filter / Duplexer,2520,samsung,3879,345,0.0,168.84,1,1,0
2025-10-17,107,PMIC / Power IC,2015,murata,749,314,0.0,23.76,1,1,0
2025-10-17,106,PMIC / Power IC,2520,murata,3859,111,0.0,384.48,0,1,0
2025-10-17,105,PMIC / Power IC,2015,murata,3703,365,0.0,163.15,1,1,0
2025-10-17,104,PMIC / Power IC,2520,samsung,1540,227,0.0,87.03,1,1,0
2025-10-17,103,PMIC / Power IC,2015,murata,979,376,0.0,30.2,1,1,0
2025-10-17,102,PMIC / Power IC,2520,murata,4426,238,0.0,226.87,0,1,0
2025-10-17,101,PMIC / Power IC,2520,murata,1165,460,0.0,30.11,1,1,0
2025-10-17,100,PMIC / Power IC,2520,murata,185,352,0.0,4.75,1,1,0
2025-10-17,99,Misc IC / Unknown,2015,murata,3551,683,0.0,61.95,1,1,0
2025-10-17,98,Misc IC / Unknown,2015,murata,1348,552,0.0,27.14,1,1,0
2025-10-17,97,Misc IC / Unknown,2015,samsung,611,580,0.0,14.03,1,1,0
2025-10-17,96,Inductor,604,murata,1941,49,0.0,394.38,0,1,0
2025-10-17,95,Inductor,604,murata,1002,71,0.0,115.22,1,1,0
2025-10-17,94,Inductor,402,samsung,3920,40,0.0,4572.09,0,0,0
2025-10-17,110,RF Filter / Duplexer,2520,murata,3018,132,0.0,221.37,0,1,0
2025-10-17,148,저항,603,samsung,180,0,0.0,18000000.0,0,0,0
2025-10-27,74,Inductor,402,samsung,4246,35,0.0,4969.96,0,0,0
2025-10-27,146,Resistor,1008,samsung,1222,470,0.0,26.64,1,1,0
2025-10-27,51,Ferrite Bead,604,murata,3911,110,0.0,390.31,0,1,0
2025-10-27,50,Diode,604,murata,324,836,0.0,3.3,1,1,0
2025-10-27,49,Diode,604,murata,3550,1254,0.0,37.54,1,1,0
2025-10-27,48,Capacitor,1008,samsung,633,218,0.0,31.03,1,1,0
2025-10-27,47,Capacitor,604,samsung,2251,269,0.0,85.24,1,1,0
2025-10-27,46,Capacitor,402,samsung,3506,332,0.0,94.85,1,1,0
2025-10-27,52,Ferrite Bead,402,samsung,3348,217,0.0,220.03,0,1,0
2025-10-27,45,Capacitor,402,samsung,2069,167,0.0,117.6,1,1,0
2025-10-27,43,Capacitor,1008,samsung,3734,142,0.0,343.05,0,1,0
2025-10-27,42,Capacitor,402,samsung,2658,233,0.0,208.03,0,1,0
2025-10-27,41,Capacitor,402,murata,819,108,0.0,85.64,1,1,0
2025-10-27,40,Capacitor,1008,murata,3742,271,0.0,182.24,1,1,0
2025-10-27,39,Capacitor,1008,samsung,3722,190,0.0,291.8,0,1,0
2025-10-27,38,Capacitor,604,murata,1955,164,0.0,120.41,1,1,0
2025-10-27,44,Capacitor,604,murata,3188,167,0.0,252.51,0,1,0
2025-10-27,53,Ferrite Bead,402,murata,1373,166,0.0,82.93,1,1,0
2025-10-27,54,Ferrite Bead,604,murata,1544,103,0.0,215.97,1,1,0
2025-10-27,55,Ferrite Bead,402,murata,1549,100,0.0,216.37,1,1,0
2025-10-27,70,Inductor,402,samsung,95,94,0.0,8.12,1,1,0
2025-10-27,69,Inductor,1008,murata,103,0,0.0,10311666.67,0,0,0
2025-10-27,68,Inductor,402,murata,108,0,0.0,10800000.0,0,0,0
2025-10-27,67,Inductor,1008,samsung,3917,35,0.0,4568.23,0,0,0
2025-10-27,66,Inductor,1008,samsung,2817,81,0.0,220.8,0,1,0
2025-10-27,65,Inductor,1008,samsung,109,0,0.0,10900000.0,0,0,0
2025-10-27,64,Inductor,402,samsung,3188,40,0.0,1013.26,0,0,0
2025-10-27,63,Inductor,402,murata,3653,98,0.0,363.12,0,1,0
2025-10-27,62,Inductor,1008,samsung,2498,52,0.0,371.65,0,1,0
2025-10-27,61,Inductor,1008,samsung,2103,74,0.0,460.34,0,1,0
2025-10-27,60,Inductor,1008,samsung,2430,47,0.0,548.35,0,0,0
2025-10-27,59,Inductor,1008,murata,3340,79,0.0,933.82,0,0,0
2025-10-27,58,Inductor,604,samsung,105,0,0.0,10500000.0,0,0,0
2025-10-27,57,Inductor,402,murata,3190,40,0.0,1013.51,0,0,0
2025-10-27,56,Ferrite Bead,604,samsung,3834,135,0.0,398.1,0,0,0
2025-10-27,37,Capacitor,604,murata,2127,231,0.0,86.31,1,1,0
2025-10-27,71,Inductor,1008,samsung,104,0,0.0,10409333.33,0,0,0
2025-10-27,36,Capacitor,604,samsung,2077,152,0.0,295.97,0,1,0
2025-10-27,34,Capacitor,1008,samsung,980,93,0.0,100.12,1,1,0
2025-10-27,14,Capacitor,604,murata,960,290,0.0,29.93,1,1,0
2025-10-27,13,Capacitor,1008,samsung,3000,155,0.0,199.19,0,1,0
2025-10-27,12,Capacitor,402,samsung,2439,107,0.0,152.55,1,1,0
2025-10-27,11,Capacitor,1008,murata,2479,325,0.0,101.54,1,1,0
2025-10-27,10,Capacitor,1008,samsung,2278,142,0.0,156.37,1,1,0
2025-10-27,9,Capacitor,402,murata,632,55,0.0,68.18,1,1,0
2025-10-27,15,Capacitor,604,samsung,1558,98,0.0,132.17,1,1,0
2025-10-27,8,Capacitor,1008,samsung,249,170,0.0,14.86,1,1,0
2025-10-27,6,Capacitor,402,samsung,2832,289,0.0,126.07,1,1,0
2025-10-27,5,Capacitor,402,samsung,830,231,0.0,42.59,1,1,0
2025-10-27,4,Capacitor,402,samsung,2892,144,0.0,218.39,0,1,0
2025-10-27,3,Capacitor,1008,samsung,2301,275,0.0,154.13,1,1,0
2025-10-27,2,Capacitor,1008,murata,94,94,0.0,8.07,1,1,0
2025-10-27,1,Capacitor,604,murata,1450,184,0.0,116.79,1,1,0
2025-10-27,7,Capacitor,1008,murata,1759,283,0.0,65.81,1,1,0
2025-10-27,16,Capacitor,604,samsung,443,250,0.0,20.98,1,1,0
2025-10-27,17,Capacitor,1008,murata,1568,135,0.0,247.32,1,1,0
2025-10-27,18,Capacitor,604,murata,1572,159,0.0,68.19,1,1,0
2025-10-27,33,Capacitor,1008,murata,3746,92,0.0,373.71,0,1,0
2025-10-27,32,Capacitor,402,samsung,2998,306,0.0,122.94,1,1,0
2025-10-27,31,Capacitor,1008,samsung,844,192,0.0,45.58,1,1,0
2025-10-27,30,Capacitor,1008,samsung,3263,448,0.0,96.37,1,1,0
2025-10-27,29,Capacitor,1008,samsung,2125,184,0.0,164.32,1,1,0
2025-10-27,28,Capacitor,1008,samsung,1703,278,0.0,61.66,1,1,0
2025-10-27,27,Capacitor,1008,samsung,237,297,0.0,8.69,1,1,0
2025-10-27,26,Capacitor,604,samsung,834,208,0.0,73.1,1,1,0
2025-10-27,25,Capacitor,1008,murata,222,134,0.0,17.42,1,1,0
2025-10-27,24,Capacitor,1008,samsung,3881,149,0.0,311.33,0,1,0
2025-10-27,23,Capacitor,402,samsung,1191,117,0.0,149.66,1,1,0
2025-10-27,22,Capacitor,604,murata,1528,137,0.0,83.75,1,1,0
2025-10-27,21,Capacitor,604,murata,279,157,0.0,24.65,1,1,0
2025-10-27,20,Capacitor,402,samsung,252,295,0.0,10.44,1,1,0
2025-10-27,19,Capacitor,1008,samsung,3738,101,0.0,307.1,0,1,0
2025-10-27,35,Capacitor,604,samsung,1921,112,0.0,351.76,0,1,0
2025-10-27,147,저항,603,samsung,180,0,0.0,18000000.0,0,0,0
2025-10-27,72,Inductor,604,samsung,2733,79,0.0,766.29,0,0,0
2025-10-27,75,Inductor,402,samsung,109,0,0.0,10900000.0,0,0,0
2025-10-27,126,Resistor,604,murata,3431,315,0.0,98.22,1,1,0
2025-10-27,125,Resistor,402,murata,660,211,0.0,31.72,1,1,0
2025-10-27,124,Resistor,604,samsung,1185,205,0.0,64.35,1,1,0
2025-10-27,123,Resistor,604,samsung,2600,376,0.0,72.03,1,1,0
2025-10-27,122,Resistor,402,samsung,481,338,0.0,15.17,1,1,0
2025-10-27,121,RF Front-End / PA,2015,murata,1762,376,0.0,67.66,1,1,0
2025-10-27,127,Resistor,604,samsung,2101,431,0.0,50.1,1,1,0
2025-10-27,120,RF Front-End / PA,2015,samsung,2257,283,0.0,86.82,1,1,0
2025-10-27,118,RF Front-End / PA,2520,murata,3542,174,0.0,301.6,0,1,0
2025-10-27,117,RF Filter / Module,2015,samsung,585,1460,0.0,3.97,1,1,0
2025-10-27,116,RF Filter / Duplexer,2520,murata,1190,117,0.0,149.28,1,1,0
2025-10-27,115,RF Filter / Duplexer,2015,samsung,3716,104,0.0,275.73,0,1,0
2025-10-27,114,RF Filter / Duplexer,2015,samsung,3268,228,0.0,143.21,1,1,0
2025-10-27,113,RF Filter / Duplexer,2015,murata,1882,187,0.0,128.45,1,1,0
2025-10-27,119,RF Front-End / PA,2520,murata,1790,334,0.0,58.57,1,1,0
2025-10-27,128,Resistor,1008,murata,3411,388,0.0,161.13,1,1,0
2025-10-27,129,Resistor,402,samsung,1232,610,0.0,19.89,1,1,0
2025-10-27,130,Resistor,402,samsung,2865,473,0.0,80.86,1,1,0
2025-10-27,145,Resistor,604,murata,1639,457,0.0,29.19,1,1,0
2025-10-27,144,Resistor,604,murata,159,368,0.0,3.75,1,1,0
2025-10-27,143,Resistor,1008,murata,4343,280,0.0,284.32,0,1,0
2025-10-27,142,Resistor,1008,murata,3185,421,0.0,86.93,1,1,0
2025-10-27,141,Resistor,1008,murata,2833,421,0.0,89.64,1,1,0
2025-10-27,140,Resistor,604,murata,281,324,0.0,12.07,1,1,0
2025-10-27,139,Resistor,402,murata,2043,305,0.0,108.29,1,1,0
2025-10-27,138,Resistor,402,samsung,2711,345,0.0,79.98,1,1,0
2025-10-27,137,Resistor,402,murata,2638,214,0.0,127.14,1,1,0
2025-10-27,136,Resistor,402,murata,3716,497,0.0,81.87,1,1,0
2025-10-27,135,Resistor,1008,samsung,3497,451,0.0,72.06,1,1,0
2025-10-27,134,Resistor,1008,samsung,2979,379,0.0,119.33,1,1,0
2025-10-27,133,Resistor,1008,murata,3534,380,0.0,107.42,1,1,0
2025-10-27,132,Resistor,402,murata,3195,244,0.0,157.51,1,1,0
2025-10-27,131,Resistor,402,murata,3586,510,0.0,85.86,1,1,0
2025-10-27,112,RF Filter / Duplexer,2520,samsung,1010,130,0.0,138.52,1,1,0
2025-10-27,73,Inductor,604,murata,3234,21,0.0,1741.69,0,0,0
2025-10-27,111,RF Filter / Duplexer,2015,murata,2479,91,0.0,524.76,0,0,0
2025-10-27,109,RF Filter / Duplexer,2015,samsung,444,123,0.0,44.0,1,1,0
2025-10-27,89,Inductor,604,murata,1541,24,0.0,215.82,0,1,0
2025-10-27,88,Inductor,402,murata,3913,126,0.0,345.74,0,1,0
2025-10-27,87,Inductor,402,murata,3015,56,0.0,1108.91,0,0,0
2025-10-27,86,Inductor,604,samsung,106,0,0.0,10600000.0,0,0,0
2025-10-27,85,Inductor,604,samsung,3010,56,0.0,1108.19,0,0,0
2025-10-27,84,Inductor,402,samsung,254,79,0.0,22.33,1,1,0
2025-10-27,90,Inductor,1008,murata,3201,21,0.0,1721.57,0,0,0
2025-10-27,83,Inductor,604,samsung,3047,56,0.0,1122.76,0,0,0
2025-10-27,81,Inductor,604,murata,106,0,0.0,10600000.0,0,0,0
2025-10-27,80,Inductor,402,samsung,3731,70,0.0,2176.74,0,0,0
2025-10-27,79,Inductor,402,murata,3007,56,0.0,1108.13,0,0,0
2025-10-27,78,Inductor,1008,murata,3195,21,0.0,1719.92,0,0,0
2025-10-27,77,Inductor,402,samsung,2283,61,0.0,455.46,0,0,0
2025-10-27,76,Inductor,604,murata,3196,21,0.0,1719.96,0,0,0
2025-10-27,82,Inductor,604,samsung,3013,56,0.0,1108.73,0,0,0
2025-10-27,91,Inductor,402,murata,3914,35,0.0,4566.81,0,0,0
2025-10-27,92,Inductor,1008,samsung,2261,81,0.0,367.35,0,1,0
2025-10-27,93,Inductor,1008,murata,2967,56,0.0,1091.91,0,0,0
2025-10-27,108,RF Filter / Duplexer,2520,samsung,3879,279,0.0,168.91,1,1,0
2025-10-27,107,PMIC / Power IC,2015,murata,749,282,0.0,23.75,1,1,0
2025-10-27,106,PMIC / Power IC,2520,murata,3859,104,0.0,384.68,0,1,0
2025-10-27,105,PMIC / Power IC,2015,murata,3703,394,0.0,163.11,1,1,0
2025-10-27,104,PMIC / Power IC,2520,samsung,1540,197,0.0,87.16,1,1,0
2025-10-27,103,PMIC / Power IC,2015,murata,979,420,0.0,30.21,1,1,0
2025-10-27,102,PMIC / Power IC,2520,murata,4426,223,0.0,227.09,0,1,0
2025-10-27,101,PMIC / Power IC,2520,murata,1165,474,0.0,30.08,1,1,0
2025-10-27,100,PMIC / Power IC,2520,murata,185,345,0.0,4.75,1,1,0
2025-10-27,99,Misc IC / Unknown,2015,murata,3551,679,0.0,62.03,1,1,0
2025-10-27,98,Misc IC / Unknown,2015,murata,1348,555,0.0,27.23,1,1,0
2025-10-27,97,Misc IC / Unknown,2015,samsung,611,566,0.0,14.03,1,1,0
2025-10-27,96,Inductor,604,murata,1941,42,0.0,394.74,0,1,0
2025-10-27,95,Inductor,604,murata,1002,73,0.0,115.22,1,1,0
2025-10-27,94,Inductor,402,samsung,3920,35,0.0,4572.11,0,0,0
2025-10-27,110,RF Filter / Duplexer,2520,murata,3018,201,0.0,221.37,0,1,0
2025-10-27,148,저항,603,samsung,180,0,0.0,18000000.0,0,0,0
2025-11-06,74,Inductor,402,samsung,4246,31,0.0,4963.07,0,0,0
2025-11-06,146,Resistor,1008,samsung,1222,600,0.0,26.62,1,1,0
2025-11-06,51,Ferrite Bead,604,murata,3911,203,0.0,390.11,0,1,0
2025-11-06,50,Diode,604,murata,324,1245,0.0,3.31,1,1,0
2025-11-06,49,Diode,604,murata,3550,1599,0.0,37.6,1,1,0
2025-11-06,48,Capacitor,1008,samsung,633,349,0.0,31.08,1,1,0
2025-11-06,47,Capacitor,604,samsung,2251,378,0.0,85.26,1,1,0
2025-11-06,46,Capacitor,402,samsung,3506,468,0.0,94.9,1,1,0
2025-11-06,52,Ferrite Bead,402,samsung,3348,208,0.0,220.22,0,1,0
2025-11-06,45,Capacitor,402,samsung,2069,263,0.0,117.52,1,1,0
2025-11-06,43,Capacitor,1008,samsung,3734,215,0.0,343.04,0,1,0
2025-11-06,42,Capacitor,402,samsung,2658,296,0.0,208.02,0,1,0
2025-11-06,41,Capacitor,402,murata,819,146,0.0,85.68,1,1,0
2025-11-06,40,Capacitor,1008,murata,3742,380,0.0,182.29,1,1,0
2025-11-06,39,Capacitor,1008,samsung,3722,181,0.0,291.92,0,1,0
2025-11-06,38,Capacitor,604,murata,1955,182,0.0,120.56,1,1,0
2025-11-06,44,Capacitor,604,murata,3188,193,0.0,252.51,0,1,0
2025-11-06,53,Ferrite Bead,402,murata,1373,277,0.0,82.87,1,1,0
2025-11-06,54,Ferrite Bead,604,murata,1544,148,0.0,215.82,1,1,0
2025-11-06,55,Ferrite Bead,402,murata,1549,129,0.0,216.15,1,1,0
2025-11-06,70,Inductor,402,samsung,95,158,0.0,8.08,1,1,0
2025-11-06,69,Inductor,1008,murata,103,0,0.0,10311666.67,0,0,0
2025-11-06,68,Inductor,402,murata,108,0,0.0,10800000.0,0,0,0
2025-11-06,67,Inductor,1008,samsung,3917,31,0.0,4568.5,0,0,0
2025-11-06,66,Inductor,1008,samsung,2817,177,0.0,220.8,0,1,0
2025-11-06,65,Inductor,1008,samsung,109,0,0.0,10900000.0,0,0,0
2025-11-06,64,Inductor,402,samsung,3188,29,0.0,1013.32,0,0,0
2025-11-06,63,Inductor,402,murata,3653,160,0.0,363.06,0,1,0
2025-11-06,62,Inductor,1008,samsung,2498,72,0.0,371.61,0,1,0
2025-11-06,61,Inductor,1008,samsung,2103,98,0.0,461.2,0,1,0
2025-11-06,60,Inductor,1008,samsung,2430,74,0.0,548.02,0,0,0
2025-11-06,59,Inductor,1008,murata,3340,62,0.0,933.76,0,0,0
2025-11-06,58,Inductor,604,samsung,105,0,0.0,10500000.0,0,0,0
2025-11-06,57,Inductor,402,murata,3190,29,0.0,1013.56,0,0,0
2025-11-06,56,Ferrite Bead,604,samsung,3834,170,0.0,398.13,0,0,0
2025-11-06,37,Capacitor,604,murata,2127,420,0.0,86.26,1,1,0
2025-11-06,71,Inductor,1008,samsung,104,0,0.0,10409333.33,0,0,0
2025-11-06,36,Capacitor,604,samsung,2077,167,0.0,295.85,0,1,0
2025-11-06,34,Capacitor,1008,samsung,980,119,0.0,100.1,1,1,0
2025-11-06,14,Capacitor,604,murata,960,425,0.0,29.92,1,1,0
2025-11-06,13,Capacitor,1008,samsung,3000,196,0.0,199.23,0,1,0
2025-11-06,12,Capacitor,402,samsung,2439,183,0.0,152.46,1,1,0
2025-11-06,11,Capacitor,1008,murata,2479,407,0.0,101.54,1,1,0
2025-11-06,10,Capacitor,1008,samsung,2278,215,0.0,156.53,1,1,0
2025-11-06,9,Capacitor,402,murata,632,111,0.0,68.31,1,1,0
2025-11-06,15,Capacitor,604,samsung,1558,184,0.0,132.16,1,1,0
2025-11-06,8,Capacitor,1008,samsung,249,212,0.0,14.92,1,1,0
2025-11-06,6,Capacitor,402,samsung,2832,404,0.0,126.06,1,1,0
2025-11-06,5,Capacitor,402,samsung,830,273,0.0,42.64,1,1,0
2025-11-06,4,Capacitor,402,samsung,2892,194,0.0,218.41,0,1,0
2025-11-06,3,Capacitor,1008,samsung,2301,270,0.0,154.1,1,1,0
2025-11-06,2,Capacitor,1008,murata,94,158,0.0,8.03,1,1,0
2025-11-06,1,Capacitor,604,murata,1450,208,0.0,116.66,1,1,0
2025-11-06,7,Capacitor,1008,murata,1759,375,0.0,65.8,1,1,0
2025-11-06,16,Capacitor,604,samsung,443,361,0.0,20.98,1,1,0
2025-11-06,17,Capacitor,1008,murata,1568,136,0.0,247.19,1,1,0
2025-11-06,18,Capacitor,604,murata,1572,227,0.0,68.22,1,1,0
2025-11-06,33,Capacitor,1008,murata,3746,122,0.0,373.53,0,1,0
2025-11-06,32,Capacitor,402,samsung,2998,411,0.0,122.95,1,1,0
2025-11-06,31,Capacitor,1008,samsung,844,294,0.0,45.56,1,1,0
2025-11-06,30,Capacitor,1008,samsung,3263,533,0.0,96.42,1,1,0
2025-11-06,29,Capacitor,1008,samsung,2125,277,0.0,164.31,1,1,0
2025-11-06,28,Capacitor,1008,samsung,1703,416,0.0,61.7,1,1,0
2025-11-06,27,Capacitor,1008,samsung,237,285,0.0,8.7,1,1,0
2025-11-06,26,Capacitor,604,samsung,834,251,0.0,73.11,1,1,0
2025-11-06,25,Capacitor,1008,murata,222,177,0.0,17.4,1,1,0
2025-11-06,24,Capacitor,1008,samsung,3881,193,0.0,311.35,0,1,0
2025-11-06,23,Capacitor,402,samsung,1191,146,0.0,149.89,1,1,0
2025-11-06,22,Capacitor,604,murata,1528,216,0.0,83.77,1,1,0
2025-11-06,21,Capacitor,604,murata,279,175,0.0,24.64,1,1,0
2025-11-06,20,Capacitor,402,samsung,252,373,0.0,10.48,1,1,0
2025-11-06,19,Capacitor,1008,samsung,3738,96,0.0,307.1,0,1,0
2025-11-06,35,Capacitor,604,samsung,1921,148,0.0,351.75,0,1,0
2025-11-06,147,저항,603,samsung,180,0,0.0,18000000.0,0,0,0
2025-11-06,72,Inductor,604,samsung,2733,62,0.0,766.4,0,0,0
2025-11-06,75,Inductor,402,samsung,109,0,0.0,10900000.0,0,0,0
2025-11-06,126,Resistor,604,murata,3431,467,0.0,98.18,1,1,0
2025-11-06,125,Resistor,402,murata,660,282,0.0,31.72,1,1,0
2025-11-06,124,Resistor,604,samsung,1185,266,0.0,64.33,1,1,0
2025-11-06,123,Resistor,604,samsung,2600,608,0.0,71.98,1,1,0
2025-11-06,122,Resistor,402,samsung,481,420,0.0,15.17,1,1,0
2025-11-06,121,RF Front-End / PA,2015,murata,1762,459,0.0,67.62,1,1,0
2025-11-06,127,Resistor,604,samsung,2101,540,0.0,50.13,1,1,0
2025-11-06,120,RF Front-End / PA,2015,samsung,2257,447,0.0,86.87,1,1,0
2025-11-06,118,RF Front-End / PA,2520,murata,3542,227,0.0,301.62,0,1,0
2025-11-06,117,RF Filter / Module,2015,samsung,585,1998,0.0,3.97,1,1,0
2025-11-06,116,RF Filter / Duplexer,2520,murata,1190,146,0.0,149.46,1,1,0
2025-11-06,115,RF Filter / Duplexer,2015,samsung,3716,144,0.0,275.73,0,1,0
2025-11-06,114,RF Filter / Duplexer,2015,samsung,3268,356,0.0,143.23,1,1,0
2025-11-06,113,RF Filter / Duplexer,2015,murata,1882,320,0.0,128.45,1,1,0
2025-11-06,119,RF Front-End / PA,2520,murata,1790,456,0.0,58.6,1,1,0
2025-11-06,128,Resistor,1008,murata,3411,377,0.0,161.04,1,1,0
2025-11-06,129,Resistor,402,samsung,1232,835,0.0,19.87,1,1,0
2025-11-06,130,Resistor,402,samsung,2865,674,0.0,80.75,1,1,0
2025-11-06,145,Resistor,604,murata,1639,737,0.0,29.16,1,1,0
2025-11-06,144,Resistor,604,murata,159,547,0.0,3.74,1,1,0
2025-11-06,143,Resistor,1008,murata,4343,292,0.0,284.07,0,1,0
2025-11-06,142,Resistor,1008,murata,3185,591,0.0,86.95,1,1,0
2025-11-06,141,Resistor,1008,murata,2833,519,0.0,89.71,1,1,0
2025-11-06,140,Resistor,604,murata,281,357,0.0,12.1,1,1,0
2025-11-06,139,Resistor,402,murata,2043,294,0.0,108.25,1,1,0
2025-11-06,138,Resistor,402,samsung,2711,536,0.0,79.95,1,1,0
2025-11-06,137,Resistor,402,murata,2638,296,0.0,127.12,1,1,0
2025-11-06,136,Resistor,402,murata,3716,596,0.0,81.97,1,1,0
2025-11-06,135,Resistor,1008,samsung,3497,581,0.0,71.99,1,1,0
2025-11-06,134,Resistor,1008,samsung,2979,516,0.0,119.33,1,1,0
2025-11-06,133,Resistor,1008,murata,3534,461,0.0,107.44,1,1,0
2025-11-06,132,Resistor,402,murata,3195,411,0.0,157.5,1,1,0
2025-11-06,131,Resistor,402,murata,3586,738,0.0,85.77,1,1,0
2025-11-06,112,RF Filter / Duplexer,2520,samsung,1010,172,0.0,137.83,1,1,0
2025-11-06,73,Inductor,604,murata,3234,43,0.0,1741.95,0,0,0
2025-11-06,111,RF Filter / Duplexer,2015,murata,2479,81,0.0,524.75,0,0,0
2025-11-06,109,RF Filter / Duplexer,2015,samsung,444,162,0.0,43.94,1,1,0
2025-11-06,89,Inductor,604,murata,1541,86,0.0,215.65,0,1,0
2025-11-06,88,Inductor,402,murata,3913,170,0.0,345.8,0,1,0
2025-11-06,87,Inductor,402,murata,3015,74,0.0,1108.93,0,0,0
2025-11-06,86,Inductor,604,samsung,106,0,0.0,10600000.0,0,0,0
2025-11-06,85,Inductor,604,samsung,3010,74,0.0,1108.22,0,0,0
2025-11-06,84,Inductor,402,samsung,254,131,0.0,22.35,1,1,0
2025-11-06,90,Inductor,1008,murata,3201,43,0.0,1721.62,0,0,0
2025-11-06,83,Inductor,604,samsung,3047,74,0.0,1122.76,0,0,0
2025-11-06,81,Inductor,604,murata,106,0,0.0,10600000.0,0,0,0
2025-11-06,80,Inductor,402,samsung,3731,62,0.0,2176.59,0,0,0
2025-11-06,79,Inductor,402,murata,3007,74,0.0,1108.16,0,0,0
2025-11-06,78,Inductor,1008,murata,3195,43,0.0,1720.12,0,0,0
2025-11-06,77,Inductor,402,samsung,2283,72,0.0,455.23,0,0,0
2025-11-06,76,Inductor,604,murata,3196,43,0.0,1720.16,0,0,0
2025-11-06,82,Inductor,604,samsung,3013,74,0.0,1108.76,0,0,0
2025-11-06,91,Inductor,402,murata,3914,31,0.0,4567.04,0,0,0
2025-11-06,92,Inductor,1008,samsung,2261,76,0.0,367.12,0,1,0
2025-11-06,93,Inductor,1008,murata,2967,74,0.0,1092.81,0,0,0
2025-11-06,108,RF Filter / Duplexer,2520,samsung,3879,411,0.0,168.91,1,1,0
2025-11-06,107,PMIC / Power IC,2015,murata,749,453,0.0,23.76,1,1,0
2025-11-06,106,PMIC / Power IC,2520,murata,3859,165,0.0,384.66,0,1,0
2025-11-06,105,PMIC / Power IC,2015,murata,3703,404,0.0,163.16,1,1,0
2025-11-06,104,PMIC / Power IC,2520,samsung,1540,306,0.0,87.14,1,1,0
2025-11-06,103,PMIC / Power IC,2015,murata,979,461,0.0,30.2,1,1,0
2025-11-06,102,PMIC / Power IC,2520,murata,4426,344,0.0,226.78,0,1,0
2025-11-06,101,PMIC / Power IC,2520,murata,1165,643,0.0,30.11,1,1,0
2025-11-06,100,PMIC / Power IC,2520,murata,185,481,0.0,4.75,1,1,0
2025-11-06,99,Misc IC / Unknown,2015,murata,3551,910,0.0,61.95,1,1,0
2025-11-06,98,Misc IC / Unknown,2015,murata,1348,855,0.0,27.14,1,1,0
2025-11-06,97,Misc IC / Unknown,2015,samsung,611,670,0.0,14.02,1,1,0
2025-11-06,96,Inductor,604,murata,1941,62,0.0,394.35,0,1,0
2025-11-06,95,Inductor,604,murata,1002,115,0.0,115.25,1,1,0
2025-11-06,94,Inductor,402,samsung,3920,31,0.0,4572.14,0,0,0
2025-11-06,110,RF Filter / Duplexer,2520,murata,3018,206,0.0,221.35,0,1,0
2025-11-06,148,저항,603,samsung,180,0,0.0,18000000.0,0,0,0
